route,cohort,reason
/,HISTORICAL262_STALE19,Historical scope member is no longer live in Current Official evidence and was never formally accepted.
/accessories/leavings-cushion/,HISTORICAL262_STALE19,Historical scope member is no longer live in Current Official evidence and was never formally accepted.
/auping-revive/,HISTORICAL262_STALE19,Historical scope member is no longer live in Current Official evidence and was never formally accepted.
/based-reliable-source/,HISTORICAL262_STALE19,Historical scope member is no longer live in Current Official evidence and was never formally accepted.
/bed-bases/flat-mesh-base/,HISTORICAL262_STALE19,Historical scope member is no longer live in Current Official evidence and was never formally accepted.
/bed-linen/pillows/cloud-pillow/,HISTORICAL262_STALE19,Historical scope member is no longer live in Current Official evidence and was never formally accepted.
/beds/original-bed/,HISTORICAL262_STALE19,Historical scope member is no longer live in Current Official evidence and was never formally accepted.
/beds/royal-bed/,HISTORICAL262_STALE19,Historical scope member is no longer live in Current Official evidence and was never formally accepted.
/box-springs/criade-box-spring/,HISTORICAL262_STALE19,Historical scope member is no longer live in Current Official evidence and was never formally accepted.
/box-springs/kiruna-box-spring/,HISTORICAL262_STALE19,Historical scope member is no longer live in Current Official evidence and was never formally accepted.
/contact-us/,HISTORICAL262_STALE19,Historical scope member is no longer live in Current Official evidence and was never formally accepted.
/give-your-mattress-second-life/,HISTORICAL262_STALE19,Historical scope member is no longer live in Current Official evidence and was never formally accepted.
/how-recyclable-your-mattress/,HISTORICAL262_STALE19,Historical scope member is no longer live in Current Official evidence and was never formally accepted.
/leavings-auping/,HISTORICAL262_STALE19,Historical scope member is no longer live in Current Official evidence and was never formally accepted.
/maestro-and-vivo-improved-vita-talalay-originsr-comfort-layer/,HISTORICAL262_STALE19,Historical scope member is no longer live in Current Official evidence and was never formally accepted.
/manuals/,HISTORICAL262_STALE19,Historical scope member is no longer live in Current Official evidence and was never formally accepted.
/support/,HISTORICAL262_STALE19,Historical scope member is no longer live in Current Official evidence and was never formally accepted.
/sustainable-dictionary/,HISTORICAL262_STALE19,Historical scope member is no longer live in Current Official evidence and was never formally accepted.
/top-mattresses-0/,HISTORICAL262_STALE19,Historical scope member is no longer live in Current Official evidence and was never formally accepted.
/about-auping/design/colours/,CURRENT817_ONLY_DELTA489,Later raw sitemap discovery only; not part of continuity baseline unless admitted by explicit scope-expansion change control.
/about-auping/hotels/,CURRENT817_ONLY_DELTA489,Later raw sitemap discovery only; not part of continuity baseline unless admitted by explicit scope-expansion change control.
/auping-love/,CURRENT817_ONLY_DELTA489,Later raw sitemap discovery only; not part of continuity baseline unless admitted by explicit scope-expansion change control.
/bed-bases/electrical-adjustable-bed-bases/,CURRENT817_ONLY_DELTA489,Later raw sitemap discovery only; not part of continuity baseline unless admitted by explicit scope-expansion change control.
/bedframes/,CURRENT817_ONLY_DELTA489,Later raw sitemap discovery only; not part of continuity baseline unless admitted by explicit scope-expansion change control.
/bedframes/bedframes-140x200/,CURRENT817_ONLY_DELTA489,Later raw sitemap discovery only; not part of continuity baseline unless admitted by explicit scope-expansion change control.
/bedframes/bedframes-160x200/,CURRENT817_ONLY_DELTA489,Later raw sitemap discovery only; not part of continuity baseline unless admitted by explicit scope-expansion change control.
/bedframes/bedframes-180x200/,CURRENT817_ONLY_DELTA489,Later raw sitemap discovery only; not part of continuity baseline unless admitted by explicit scope-expansion change control.
/bedframes/bedframes-90x200/,CURRENT817_ONLY_DELTA489,Later raw sitemap discovery only; not part of continuity baseline unless admitted by explicit scope-expansion change control.
/beds/bed-headboard/,CURRENT817_ONLY_DELTA489,Later raw sitemap discovery only; not part of continuity baseline unless admitted by explicit scope-expansion change control.
/beds/beds-120x200/,CURRENT817_ONLY_DELTA489,Later raw sitemap discovery only; not part of continuity baseline unless admitted by explicit scope-expansion change control.
/beds/beds-140x200/,CURRENT817_ONLY_DELTA489,Later raw sitemap discovery only; not part of continuity baseline unless admitted by explicit scope-expansion change control.
/beds/beds-140x210/,CURRENT817_ONLY_DELTA489,Later raw sitemap discovery only; not part of continuity baseline unless admitted by explicit scope-expansion change control.
/beds/beds-160x200/,CURRENT817_ONLY_DELTA489,Later raw sitemap discovery only; not part of continuity baseline unless admitted by explicit scope-expansion change control.
/beds/beds-160x210/,CURRENT817_ONLY_DELTA489,Later raw sitemap discovery only; not part of continuity baseline unless admitted by explicit scope-expansion change control.
/beds/beds-180x200/,CURRENT817_ONLY_DELTA489,Later raw sitemap discovery only; not part of continuity baseline unless admitted by explicit scope-expansion change control.
/beds/beds-180x210/,CURRENT817_ONLY_DELTA489,Later raw sitemap discovery only; not part of continuity baseline unless admitted by explicit scope-expansion change control.
/beds/beds-180x220/,CURRENT817_ONLY_DELTA489,Later raw sitemap discovery only; not part of continuity baseline unless admitted by explicit scope-expansion change control.
/beds/beds-200x200/,CURRENT817_ONLY_DELTA489,Later raw sitemap discovery only; not part of continuity baseline unless admitted by explicit scope-expansion change control.
/beds/beds-200x220/,CURRENT817_ONLY_DELTA489,Later raw sitemap discovery only; not part of continuity baseline unless admitted by explicit scope-expansion change control.
/beds/beds-90x200/,CURRENT817_ONLY_DELTA489,Later raw sitemap discovery only; not part of continuity baseline unless admitted by explicit scope-expansion change control.
/beds/beds-90x210/,CURRENT817_ONLY_DELTA489,Later raw sitemap discovery only; not part of continuity baseline unless admitted by explicit scope-expansion change control.
/beds/beds-without-headboard/,CURRENT817_ONLY_DELTA489,Later raw sitemap discovery only; not part of continuity baseline unless admitted by explicit scope-expansion change control.
/beds/black-beds/,CURRENT817_ONLY_DELTA489,Later raw sitemap discovery only; not part of continuity baseline unless admitted by explicit scope-expansion change control.
/beds/design-beds/,CURRENT817_ONLY_DELTA489,Later raw sitemap discovery only; not part of continuity baseline unless admitted by explicit scope-expansion change control.
/beds/double-beds/,CURRENT817_ONLY_DELTA489,Later raw sitemap discovery only; not part of continuity baseline unless admitted by explicit scope-expansion change control.
/beds/doubter-beds/,CURRENT817_ONLY_DELTA489,Later raw sitemap discovery only; not part of continuity baseline unless admitted by explicit scope-expansion change control.
/beds/electrically-adjustable-beds/,CURRENT817_ONLY_DELTA489,Later raw sitemap discovery only; not part of continuity baseline unless admitted by explicit scope-expansion change control.
/beds/essential-royal-blue/,CURRENT817_ONLY_DELTA489,Later raw sitemap discovery only; not part of continuity baseline unless admitted by explicit scope-expansion change control.
/beds/guest-beds/,CURRENT817_ONLY_DELTA489,Later raw sitemap discovery only; not part of continuity baseline unless admitted by explicit scope-expansion change control.
/beds/luxurious-beds/,CURRENT817_ONLY_DELTA489,Later raw sitemap discovery only; not part of continuity baseline unless admitted by explicit scope-expansion change control.
/beds/noa-dark-blue-oak-open-lamellas-headboard/,CURRENT817_ONLY_DELTA489,Later raw sitemap discovery only; not part of continuity baseline unless admitted by explicit scope-expansion change control.
/beds/senior-beds/,CURRENT817_ONLY_DELTA489,Later raw sitemap discovery only; not part of continuity baseline unless admitted by explicit scope-expansion change control.
/beds/single-beds/,CURRENT817_ONLY_DELTA489,Later raw sitemap discovery only; not part of continuity baseline unless admitted by explicit scope-expansion change control.
/beds/white-beds/,CURRENT817_ONLY_DELTA489,Later raw sitemap discovery only; not part of continuity baseline unless admitted by explicit scope-expansion change control.
/box-springs/box-spring-mattresses/,CURRENT817_ONLY_DELTA489,Later raw sitemap discovery only; not part of continuity baseline unless admitted by explicit scope-expansion change control.
/checkout/payment/accept/,CURRENT817_ONLY_DELTA489,Later raw sitemap discovery only; not part of continuity baseline unless admitted by explicit scope-expansion change control.
/checkout/payment/decline/,CURRENT817_ONLY_DELTA489,Later raw sitemap discovery only; not part of continuity baseline unless admitted by explicit scope-expansion change control.
/checkout/payment/exception/,CURRENT817_ONLY_DELTA489,Later raw sitemap discovery only; not part of continuity baseline unless admitted by explicit scope-expansion change control.
/checkout/payment/process/,CURRENT817_ONLY_DELTA489,Later raw sitemap discovery only; not part of continuity baseline unless admitted by explicit scope-expansion change control.
/checkout/retry/payment/,CURRENT817_ONLY_DELTA489,Later raw sitemap discovery only; not part of continuity baseline unless admitted by explicit scope-expansion change control.
/customer/account/createpassword/,CURRENT817_ONLY_DELTA489,Later raw sitemap discovery only; not part of continuity baseline unless admitted by explicit scope-expansion change control.
/cvd/,CURRENT817_ONLY_DELTA489,Later raw sitemap discovery only; not part of continuity baseline unless admitted by explicit scope-expansion change control.
/declarationofconformity-ffp2mask/,CURRENT817_ONLY_DELTA489,Later raw sitemap discovery only; not part of continuity baseline unless admitted by explicit scope-expansion change control.
/edra/,CURRENT817_ONLY_DELTA489,Later raw sitemap discovery only; not part of continuity baseline unless admitted by explicit scope-expansion change control.
/enjoy-beds/,CURRENT817_ONLY_DELTA489,Later raw sitemap discovery only; not part of continuity baseline unless admitted by explicit scope-expansion change control.
/fidder-slapen-zeist/,CURRENT817_ONLY_DELTA489,Later raw sitemap discovery only; not part of continuity baseline unless admitted by explicit scope-expansion change control.
/friends-and-family/,CURRENT817_ONLY_DELTA489,Later raw sitemap discovery only; not part of continuity baseline unless admitted by explicit scope-expansion change control.
/hotels/auping-revive-circulair/,CURRENT817_ONLY_DELTA489,Later raw sitemap discovery only; not part of continuity baseline unless admitted by explicit scope-expansion change control.
/hotels/auping-revive/,CURRENT817_ONLY_DELTA489,Later raw sitemap discovery only; not part of continuity baseline unless admitted by explicit scope-expansion change control.
/hotels/design-hotels/,CURRENT817_ONLY_DELTA489,Later raw sitemap discovery only; not part of continuity baseline unless admitted by explicit scope-expansion change control.
/hotels/hotel-partnerships/,CURRENT817_ONLY_DELTA489,Later raw sitemap discovery only; not part of continuity baseline unless admitted by explicit scope-expansion change control.
/inspiration/burgundy/,CURRENT817_ONLY_DELTA489,Later raw sitemap discovery only; not part of continuity baseline unless admitted by explicit scope-expansion change control.
/inspiration/choosing-bedroom-colours/,CURRENT817_ONLY_DELTA489,Later raw sitemap discovery only; not part of continuity baseline unless admitted by explicit scope-expansion change control.
/inspiration/mustard/,CURRENT817_ONLY_DELTA489,Later raw sitemap discovery only; not part of continuity baseline unless admitted by explicit scope-expansion change control.
/inspiration/pastille-green/,CURRENT817_ONLY_DELTA489,Later raw sitemap discovery only; not part of continuity baseline unless admitted by explicit scope-expansion change control.
/mattress-toppers/mattress-toppers-120x200/,CURRENT817_ONLY_DELTA489,Later raw sitemap discovery only; not part of continuity baseline unless admitted by explicit scope-expansion change control.
/mattress-toppers/mattress-toppers-140x200/,CURRENT817_ONLY_DELTA489,Later raw sitemap discovery only; not part of continuity baseline unless admitted by explicit scope-expansion change control.
/mattress-toppers/mattress-toppers-160x200/,CURRENT817_ONLY_DELTA489,Later raw sitemap discovery only; not part of continuity baseline unless admitted by explicit scope-expansion change control.
/mattress-toppers/mattress-toppers-180x200/,CURRENT817_ONLY_DELTA489,Later raw sitemap discovery only; not part of continuity baseline unless admitted by explicit scope-expansion change control.
/mattress-toppers/mattress-toppers-180x210/,CURRENT817_ONLY_DELTA489,Later raw sitemap discovery only; not part of continuity baseline unless admitted by explicit scope-expansion change control.
/mattress-toppers/split-mattress-toppers/,CURRENT817_ONLY_DELTA489,Later raw sitemap discovery only; not part of continuity baseline unless admitted by explicit scope-expansion change control.
/mattresses/double-mattresses/,CURRENT817_ONLY_DELTA489,Later raw sitemap discovery only; not part of continuity baseline unless admitted by explicit scope-expansion change control.
/mattresses/doubter-mattresses/,CURRENT817_ONLY_DELTA489,Later raw sitemap discovery only; not part of continuity baseline unless admitted by explicit scope-expansion change control.
/mattresses/mattresses-120x190/,CURRENT817_ONLY_DELTA489,Later raw sitemap discovery only; not part of continuity baseline unless admitted by explicit scope-expansion change control.
/mattresses/mattresses-120x200/,CURRENT817_ONLY_DELTA489,Later raw sitemap discovery only; not part of continuity baseline unless admitted by explicit scope-expansion change control.
/mattresses/mattresses-140x200/,CURRENT817_ONLY_DELTA489,Later raw sitemap discovery only; not part of continuity baseline unless admitted by explicit scope-expansion change control.
/mattresses/mattresses-160x200/,CURRENT817_ONLY_DELTA489,Later raw sitemap discovery only; not part of continuity baseline unless admitted by explicit scope-expansion change control.
/mattresses/mattresses-180x200/,CURRENT817_ONLY_DELTA489,Later raw sitemap discovery only; not part of continuity baseline unless admitted by explicit scope-expansion change control.
/mattresses/mattresses-80x200/,CURRENT817_ONLY_DELTA489,Later raw sitemap discovery only; not part of continuity baseline unless admitted by explicit scope-expansion change control.
/mattresses/mattresses-80x210/,CURRENT817_ONLY_DELTA489,Later raw sitemap discovery only; not part of continuity baseline unless admitted by explicit scope-expansion change control.
/mattresses/mattresses-90x190/,CURRENT817_ONLY_DELTA489,Later raw sitemap discovery only; not part of continuity baseline unless admitted by explicit scope-expansion change control.
/mattresses/mattresses-90x200/,CURRENT817_ONLY_DELTA489,Later raw sitemap discovery only; not part of continuity baseline unless admitted by explicit scope-expansion change control.
/mattresses/mattresses-90x210/,CURRENT817_ONLY_DELTA489,Later raw sitemap discovery only; not part of continuity baseline unless admitted by explicit scope-expansion change control.
/mattresses/mattresses-90x220/,CURRENT817_ONLY_DELTA489,Later raw sitemap discovery only; not part of continuity baseline unless admitted by explicit scope-expansion change control.
/mattresses/pocket-spring-mattresses/,CURRENT817_ONLY_DELTA489,Later raw sitemap discovery only; not part of continuity baseline unless admitted by explicit scope-expansion change control.
/mattresses/single-mattresses/,CURRENT817_ONLY_DELTA489,Later raw sitemap discovery only; not part of continuity baseline unless admitted by explicit scope-expansion change control.
/myauping/,CURRENT817_ONLY_DELTA489,Later raw sitemap discovery only; not part of continuity baseline unless admitted by explicit scope-expansion change control.
/news/auping-debuts-dutch-design-week/,CURRENT817_ONLY_DELTA489,Later raw sitemap discovery only; not part of continuity baseline unless admitted by explicit scope-expansion change control.
/news/auping-evolve-has-been-awarded-prestigious-red-dot-product-design-award-2020/,CURRENT817_ONLY_DELTA489,Later raw sitemap discovery only; not part of continuity baseline unless admitted by explicit scope-expansion change control.
/news/auping-evolve-wins-german-sustainability-award/,CURRENT817_ONLY_DELTA489,Later raw sitemap discovery only; not part of continuity baseline unless admitted by explicit scope-expansion change control.
/news/auping-finalist-sustainable-brand-index-jury-price-2021/,CURRENT817_ONLY_DELTA489,Later raw sitemap discovery only; not part of continuity baseline unless admitted by explicit scope-expansion change control.
/news/auping-investigates-sleep-among-team-sunweb-cyclists/,CURRENT817_ONLY_DELTA489,Later raw sitemap discovery only; not part of continuity baseline unless admitted by explicit scope-expansion change control.
/news/auping-publishes-csr-report-2022/,CURRENT817_ONLY_DELTA489,Later raw sitemap discovery only; not part of continuity baseline unless admitted by explicit scope-expansion change control.
/news/auping-releases-csr-report-2020/,CURRENT817_ONLY_DELTA489,Later raw sitemap discovery only; not part of continuity baseline unless admitted by explicit scope-expansion change control.
/news/auping-wins-circular-award-business-2019/,CURRENT817_ONLY_DELTA489,Later raw sitemap discovery only; not part of continuity baseline unless admitted by explicit scope-expansion change control.
/news/auping-wins-dutch-logistics-award-2016/,CURRENT817_ONLY_DELTA489,Later raw sitemap discovery only; not part of continuity baseline unless admitted by explicit scope-expansion change control.
/news/circularity-day-2021-royal-auping/,CURRENT817_ONLY_DELTA489,Later raw sitemap discovery only; not part of continuity baseline unless admitted by explicit scope-expansion change control.
/news/dutch-king-and-queen-visit-auping-factory/,CURRENT817_ONLY_DELTA489,Later raw sitemap discovery only; not part of continuity baseline unless admitted by explicit scope-expansion change control.
/news/jan-joost-bosman-new-ceo-royal-auping/,CURRENT817_ONLY_DELTA489,Later raw sitemap discovery only; not part of continuity baseline unless admitted by explicit scope-expansion change control.
/news/sleeping-like-animals/,CURRENT817_ONLY_DELTA489,Later raw sitemap discovery only; not part of continuity baseline unless admitted by explicit scope-expansion change control.
/news/team-auping-dreams-world-without-als/,CURRENT817_ONLY_DELTA489,Later raw sitemap discovery only; not part of continuity baseline unless admitted by explicit scope-expansion change control.
/node/6047/,CURRENT817_ONLY_DELTA489,Later raw sitemap discovery only; not part of continuity baseline unless admitted by explicit scope-expansion change control.
/node/6142/,CURRENT817_ONLY_DELTA489,Later raw sitemap discovery only; not part of continuity baseline unless admitted by explicit scope-expansion change control.
/node/6144/,CURRENT817_ONLY_DELTA489,Later raw sitemap discovery only; not part of continuity baseline unless admitted by explicit scope-expansion change control.
/promoties/,CURRENT817_ONLY_DELTA489,Later raw sitemap discovery only; not part of continuity baseline unless admitted by explicit scope-expansion change control.
/promotions/hotelvoucher/,CURRENT817_ONLY_DELTA489,Later raw sitemap discovery only; not part of continuity baseline unless admitted by explicit scope-expansion change control.
/rest-and-home/,CURRENT817_ONLY_DELTA489,Later raw sitemap discovery only; not part of continuity baseline unless admitted by explicit scope-expansion change control.
/search/,CURRENT817_ONLY_DELTA489,Later raw sitemap discovery only; not part of continuity baseline unless admitted by explicit scope-expansion change control.
/shoppingcart/,CURRENT817_ONLY_DELTA489,Later raw sitemap discovery only; not part of continuity baseline unless admitted by explicit scope-expansion change control.
/smart-products/somnox-sleep-robot/somnox/,CURRENT817_ONLY_DELTA489,Later raw sitemap discovery only; not part of continuity baseline unless admitted by explicit scope-expansion change control.
/stores/ahlborn-wohndesign/,CURRENT817_ONLY_DELTA489,Later raw sitemap discovery only; not part of continuity baseline unless admitted by explicit scope-expansion change control.
/stores/airfect-sleep-comfort-gmbh/,CURRENT817_ONLY_DELTA489,Later raw sitemap discovery only; not part of continuity baseline unless admitted by explicit scope-expansion change control.
/stores/arnim-schneider-gmbh/,CURRENT817_ONLY_DELTA489,Later raw sitemap discovery only; not part of continuity baseline unless admitted by explicit scope-expansion change control.
/stores/auping-koln/,CURRENT817_ONLY_DELTA489,Later raw sitemap discovery only; not part of continuity baseline unless admitted by explicit scope-expansion change control.
/stores/auping-store-almere/,CURRENT817_ONLY_DELTA489,Later raw sitemap discovery only; not part of continuity baseline unless admitted by explicit scope-expansion change control.
/stores/auping-store-amersfoort/,CURRENT817_ONLY_DELTA489,Later raw sitemap discovery only; not part of continuity baseline unless admitted by explicit scope-expansion change control.
/stores/auping-store-amsterdam-arena/,CURRENT817_ONLY_DELTA489,Later raw sitemap discovery only; not part of continuity baseline unless admitted by explicit scope-expansion change control.
/stores/auping-store-amsterdam-buitenveldert/,CURRENT817_ONLY_DELTA489,Later raw sitemap discovery only; not part of continuity baseline unless admitted by explicit scope-expansion change control.
/stores/auping-store-apeldoorn/,CURRENT817_ONLY_DELTA489,Later raw sitemap discovery only; not part of continuity baseline unless admitted by explicit scope-expansion change control.
/stores/auping-store-barcelona/,CURRENT817_ONLY_DELTA489,Later raw sitemap discovery only; not part of continuity baseline unless admitted by explicit scope-expansion change control.
/stores/auping-store-barendrecht/,CURRENT817_ONLY_DELTA489,Later raw sitemap discovery only; not part of continuity baseline unless admitted by explicit scope-expansion change control.
/stores/auping-store-belsele/,CURRENT817_ONLY_DELTA489,Later raw sitemap discovery only; not part of continuity baseline unless admitted by explicit scope-expansion change control.
/stores/auping-store-berlin/,CURRENT817_ONLY_DELTA489,Later raw sitemap discovery only; not part of continuity baseline unless admitted by explicit scope-expansion change control.
/stores/auping-store-bratislava/,CURRENT817_ONLY_DELTA489,Later raw sitemap discovery only; not part of continuity baseline unless admitted by explicit scope-expansion change control.
/stores/auping-store-breda/,CURRENT817_ONLY_DELTA489,Later raw sitemap discovery only; not part of continuity baseline unless admitted by explicit scope-expansion change control.
/stores/auping-store-casablanca/,CURRENT817_ONLY_DELTA489,Later raw sitemap discovery only; not part of continuity baseline unless admitted by explicit scope-expansion change control.
/stores/auping-store-delft/,CURRENT817_ONLY_DELTA489,Later raw sitemap discovery only; not part of continuity baseline unless admitted by explicit scope-expansion change control.
/stores/auping-store-den-bosch/,CURRENT817_ONLY_DELTA489,Later raw sitemap discovery only; not part of continuity baseline unless admitted by explicit scope-expansion change control.
/stores/auping-store-den-haag/,CURRENT817_ONLY_DELTA489,Later raw sitemap discovery only; not part of continuity baseline unless admitted by explicit scope-expansion change control.
/stores/auping-store-deventer/,CURRENT817_ONLY_DELTA489,Later raw sitemap discovery only; not part of continuity baseline unless admitted by explicit scope-expansion change control.
/stores/auping-store-doetinchem/,CURRENT817_ONLY_DELTA489,Later raw sitemap discovery only; not part of continuity baseline unless admitted by explicit scope-expansion change control.
/stores/auping-store-duiven/,CURRENT817_ONLY_DELTA489,Later raw sitemap discovery only; not part of continuity baseline unless admitted by explicit scope-expansion change control.
/stores/auping-store-ede/,CURRENT817_ONLY_DELTA489,Later raw sitemap discovery only; not part of continuity baseline unless admitted by explicit scope-expansion change control.
/stores/auping-store-eindhoven-ekkersrijt/,CURRENT817_ONLY_DELTA489,Later raw sitemap discovery only; not part of continuity baseline unless admitted by explicit scope-expansion change control.
/stores/auping-store-eindhoven/,CURRENT817_ONLY_DELTA489,Later raw sitemap discovery only; not part of continuity baseline unless admitted by explicit scope-expansion change control.
/stores/auping-store-enschede/,CURRENT817_ONLY_DELTA489,Later raw sitemap discovery only; not part of continuity baseline unless admitted by explicit scope-expansion change control.
/stores/auping-store-gouda/,CURRENT817_ONLY_DELTA489,Later raw sitemap discovery only; not part of continuity baseline unless admitted by explicit scope-expansion change control.
/stores/auping-store-groningen/,CURRENT817_ONLY_DELTA489,Later raw sitemap discovery only; not part of continuity baseline unless admitted by explicit scope-expansion change control.
/stores/auping-store-heerhugowaard/,CURRENT817_ONLY_DELTA489,Later raw sitemap discovery only; not part of continuity baseline unless admitted by explicit scope-expansion change control.
/stores/auping-store-heerlen/,CURRENT817_ONLY_DELTA489,Later raw sitemap discovery only; not part of continuity baseline unless admitted by explicit scope-expansion change control.
/stores/auping-store-herentals/,CURRENT817_ONLY_DELTA489,Later raw sitemap discovery only; not part of continuity baseline unless admitted by explicit scope-expansion change control.
/stores/auping-store-leiderdorp/,CURRENT817_ONLY_DELTA489,Later raw sitemap discovery only; not part of continuity baseline unless admitted by explicit scope-expansion change control.
/stores/auping-store-leidschendam/,CURRENT817_ONLY_DELTA489,Later raw sitemap discovery only; not part of continuity baseline unless admitted by explicit scope-expansion change control.
/stores/auping-store-maastricht/,CURRENT817_ONLY_DELTA489,Later raw sitemap discovery only; not part of continuity baseline unless admitted by explicit scope-expansion change control.
/stores/auping-store-naaldwijk/,CURRENT817_ONLY_DELTA489,Later raw sitemap discovery only; not part of continuity baseline unless admitted by explicit scope-expansion change control.
/stores/auping-store-nijmegen/,CURRENT817_ONLY_DELTA489,Later raw sitemap discovery only; not part of continuity baseline unless admitted by explicit scope-expansion change control.
/stores/auping-store-osterbro/,CURRENT817_ONLY_DELTA489,Later raw sitemap discovery only; not part of continuity baseline unless admitted by explicit scope-expansion change control.
/stores/auping-store-poortvliet/,CURRENT817_ONLY_DELTA489,Later raw sitemap discovery only; not part of continuity baseline unless admitted by explicit scope-expansion change control.
/stores/auping-store-rotterdam-alexandrium/,CURRENT817_ONLY_DELTA489,Later raw sitemap discovery only; not part of continuity baseline unless admitted by explicit scope-expansion change control.
/stores/auping-store-rotterdam-centrum/,CURRENT817_ONLY_DELTA489,Later raw sitemap discovery only; not part of continuity baseline unless admitted by explicit scope-expansion change control.
/stores/auping-store-sliedrecht/,CURRENT817_ONLY_DELTA489,Later raw sitemap discovery only; not part of continuity baseline unless admitted by explicit scope-expansion change control.
/stores/auping-store-sneek/,CURRENT817_ONLY_DELTA489,Later raw sitemap discovery only; not part of continuity baseline unless admitted by explicit scope-expansion change control.
/stores/auping-store-spijkenisse/,CURRENT817_ONLY_DELTA489,Later raw sitemap discovery only; not part of continuity baseline unless admitted by explicit scope-expansion change control.
/stores/auping-store-utrecht/,CURRENT817_ONLY_DELTA489,Later raw sitemap discovery only; not part of continuity baseline unless admitted by explicit scope-expansion change control.
/stores/auping-store-venlo/,CURRENT817_ONLY_DELTA489,Later raw sitemap discovery only; not part of continuity baseline unless admitted by explicit scope-expansion change control.
/stores/auping-store-wavre/,CURRENT817_ONLY_DELTA489,Later raw sitemap discovery only; not part of continuity baseline unless admitted by explicit scope-expansion change control.
/stores/auping-store-woluwe/,CURRENT817_ONLY_DELTA489,Later raw sitemap discovery only; not part of continuity baseline unless admitted by explicit scope-expansion change control.
/stores/auping-store-wommelgem/,CURRENT817_ONLY_DELTA489,Later raw sitemap discovery only; not part of continuity baseline unless admitted by explicit scope-expansion change control.
/stores/auping-store-zoetermeer/,CURRENT817_ONLY_DELTA489,Later raw sitemap discovery only; not part of continuity baseline unless admitted by explicit scope-expansion change control.
/stores/auping-store-zwolle/,CURRENT817_ONLY_DELTA489,Later raw sitemap discovery only; not part of continuity baseline unless admitted by explicit scope-expansion change control.
/stores/auping-studio-beds-bedding-nijhof-baarn/,CURRENT817_ONLY_DELTA489,Later raw sitemap discovery only; not part of continuity baseline unless admitted by explicit scope-expansion change control.
/stores/auping-studio-bucharest/,CURRENT817_ONLY_DELTA489,Later raw sitemap discovery only; not part of continuity baseline unless admitted by explicit scope-expansion change control.
/stores/auping-studio-eijerkamp-zutphen/,CURRENT817_ONLY_DELTA489,Later raw sitemap discovery only; not part of continuity baseline unless admitted by explicit scope-expansion change control.
/stores/auping-studio-frans-mets-rotterdam-hillegersberg/,CURRENT817_ONLY_DELTA489,Later raw sitemap discovery only; not part of continuity baseline unless admitted by explicit scope-expansion change control.
/stores/auping-studio-goodnight-cruquius/,CURRENT817_ONLY_DELTA489,Later raw sitemap discovery only; not part of continuity baseline unless admitted by explicit scope-expansion change control.
/stores/auping-studio-hbeds/,CURRENT817_ONLY_DELTA489,Later raw sitemap discovery only; not part of continuity baseline unless admitted by explicit scope-expansion change control.
/stores/auping/,CURRENT817_ONLY_DELTA489,Later raw sitemap discovery only; not part of continuity baseline unless admitted by explicit scope-expansion change control.
/stores/bastiaansen-wonen/,CURRENT817_ONLY_DELTA489,Later raw sitemap discovery only; not part of continuity baseline unless admitted by explicit scope-expansion change control.
/stores/batik-amn-comercio-de-produtos-de-decoracao-unip/,CURRENT817_ONLY_DELTA489,Later raw sitemap discovery only; not part of continuity baseline unless admitted by explicit scope-expansion change control.
/stores/batjes-wonen/,CURRENT817_ONLY_DELTA489,Later raw sitemap discovery only; not part of continuity baseline unless admitted by explicit scope-expansion change control.
/stores/bed-haus/,CURRENT817_ONLY_DELTA489,Later raw sitemap discovery only; not part of continuity baseline unless admitted by explicit scope-expansion change control.
/stores/bed-specialists-sl-altea/,CURRENT817_ONLY_DELTA489,Later raw sitemap discovery only; not part of continuity baseline unless admitted by explicit scope-expansion change control.
/stores/bed-specialists-sl-torrevieja/,CURRENT817_ONLY_DELTA489,Later raw sitemap discovery only; not part of continuity baseline unless admitted by explicit scope-expansion change control.
/stores/beddenlux/,CURRENT817_ONLY_DELTA489,Later raw sitemap discovery only; not part of continuity baseline unless admitted by explicit scope-expansion change control.
/stores/beddenspeciaalzaak-de-bedstee/,CURRENT817_ONLY_DELTA489,Later raw sitemap discovery only; not part of continuity baseline unless admitted by explicit scope-expansion change control.
/stores/beddenspeciaalzaak-wortelboer/,CURRENT817_ONLY_DELTA489,Later raw sitemap discovery only; not part of continuity baseline unless admitted by explicit scope-expansion change control.
/stores/beddenspecialist-houben/,CURRENT817_ONLY_DELTA489,Later raw sitemap discovery only; not part of continuity baseline unless admitted by explicit scope-expansion change control.
/stores/bedderie-de-boer/,CURRENT817_ONLY_DELTA489,Later raw sitemap discovery only; not part of continuity baseline unless admitted by explicit scope-expansion change control.
/stores/beds-en-bedding-zaandam-bv/,CURRENT817_ONLY_DELTA489,Later raw sitemap discovery only; not part of continuity baseline unless admitted by explicit scope-expansion change control.
/stores/bedshop-de-duif-zutphen-bv/,CURRENT817_ONLY_DELTA489,Later raw sitemap discovery only; not part of continuity baseline unless admitted by explicit scope-expansion change control.
/stores/bedvisie-amsterdam/,CURRENT817_ONLY_DELTA489,Later raw sitemap discovery only; not part of continuity baseline unless admitted by explicit scope-expansion change control.
/stores/berden-pot-interieur-bv/,CURRENT817_ONLY_DELTA489,Later raw sitemap discovery only; not part of continuity baseline unless admitted by explicit scope-expansion change control.
/stores/bergman/,CURRENT817_ONLY_DELTA489,Later raw sitemap discovery only; not part of continuity baseline unless admitted by explicit scope-expansion change control.
/stores/best-best/,CURRENT817_ONLY_DELTA489,Later raw sitemap discovery only; not part of continuity baseline unless admitted by explicit scope-expansion change control.
/stores/betten-anthon/,CURRENT817_ONLY_DELTA489,Later raw sitemap discovery only; not part of continuity baseline unless admitted by explicit scope-expansion change control.
/stores/betten-bahren/,CURRENT817_ONLY_DELTA489,Later raw sitemap discovery only; not part of continuity baseline unless admitted by explicit scope-expansion change control.
/stores/betten-bormann-dortmund/,CURRENT817_ONLY_DELTA489,Later raw sitemap discovery only; not part of continuity baseline unless admitted by explicit scope-expansion change control.
/stores/betten-bormann-essen/,CURRENT817_ONLY_DELTA489,Later raw sitemap discovery only; not part of continuity baseline unless admitted by explicit scope-expansion change control.
/stores/betten-bormann-munster/,CURRENT817_ONLY_DELTA489,Later raw sitemap discovery only; not part of continuity baseline unless admitted by explicit scope-expansion change control.
/stores/betten-ritter/,CURRENT817_ONLY_DELTA489,Later raw sitemap discovery only; not part of continuity baseline unless admitted by explicit scope-expansion change control.
/stores/betten-sasse-gmbh/,CURRENT817_ONLY_DELTA489,Later raw sitemap discovery only; not part of continuity baseline unless admitted by explicit scope-expansion change control.
/stores/betten-vogt/,CURRENT817_ONLY_DELTA489,Later raw sitemap discovery only; not part of continuity baseline unless admitted by explicit scope-expansion change control.
/stores/bettenhaus-schmitt/,CURRENT817_ONLY_DELTA489,Later raw sitemap discovery only; not part of continuity baseline unless admitted by explicit scope-expansion change control.
/stores/birkenkamp-gmbh/,CURRENT817_ONLY_DELTA489,Later raw sitemap discovery only; not part of continuity baseline unless admitted by explicit scope-expansion change control.
/stores/blaauw-woonidee/,CURRENT817_ONLY_DELTA489,Later raw sitemap discovery only; not part of continuity baseline unless admitted by explicit scope-expansion change control.
/stores/blekkenhorst-wonen-en-slapen/,CURRENT817_ONLY_DELTA489,Later raw sitemap discovery only; not part of continuity baseline unless admitted by explicit scope-expansion change control.
/stores/boonman-bedden-best/,CURRENT817_ONLY_DELTA489,Later raw sitemap discovery only; not part of continuity baseline unless admitted by explicit scope-expansion change control.
/stores/boonman-bedden-den-bosch/,CURRENT817_ONLY_DELTA489,Later raw sitemap discovery only; not part of continuity baseline unless admitted by explicit scope-expansion change control.
/stores/boonman-bedden-oss/,CURRENT817_ONLY_DELTA489,Later raw sitemap discovery only; not part of continuity baseline unless admitted by explicit scope-expansion change control.
/stores/boonman-bedden-schijndel/,CURRENT817_ONLY_DELTA489,Later raw sitemap discovery only; not part of continuity baseline unless admitted by explicit scope-expansion change control.
/stores/boonman-bedden-tilburg/,CURRENT817_ONLY_DELTA489,Later raw sitemap discovery only; not part of continuity baseline unless admitted by explicit scope-expansion change control.
/stores/boris-arcidiacono-ltd/,CURRENT817_ONLY_DELTA489,Later raw sitemap discovery only; not part of continuity baseline unless admitted by explicit scope-expansion change control.
/stores/bos-bedden-nijverdal/,CURRENT817_ONLY_DELTA489,Later raw sitemap discovery only; not part of continuity baseline unless admitted by explicit scope-expansion change control.
/stores/bos-bedden/,CURRENT817_ONLY_DELTA489,Later raw sitemap discovery only; not part of continuity baseline unless admitted by explicit scope-expansion change control.
/stores/brdr-friis-mobler/,CURRENT817_ONLY_DELTA489,Later raw sitemap discovery only; not part of continuity baseline unless admitted by explicit scope-expansion change control.
/stores/brdr-sorensen-mobler-randers/,CURRENT817_ONLY_DELTA489,Later raw sitemap discovery only; not part of continuity baseline unless admitted by explicit scope-expansion change control.
/stores/brdr-sorensen-mobler/,CURRENT817_ONLY_DELTA489,Later raw sitemap discovery only; not part of continuity baseline unless admitted by explicit scope-expansion change control.
/stores/bredaryds-mobler/,CURRENT817_ONLY_DELTA489,Later raw sitemap discovery only; not part of continuity baseline unless admitted by explicit scope-expansion change control.
/stores/brok-interieur/,CURRENT817_ONLY_DELTA489,Later raw sitemap discovery only; not part of continuity baseline unless admitted by explicit scope-expansion change control.
/stores/c-muebles/,CURRENT817_ONLY_DELTA489,Later raw sitemap discovery only; not part of continuity baseline unless admitted by explicit scope-expansion change control.
/stores/carre-wonen-en-slapen-bv/,CURRENT817_ONLY_DELTA489,Later raw sitemap discovery only; not part of continuity baseline unless admitted by explicit scope-expansion change control.
/stores/casa-mobel-gmbh/,CURRENT817_ONLY_DELTA489,Later raw sitemap discovery only; not part of continuity baseline unless admitted by explicit scope-expansion change control.
/stores/casassas-inversions-sl/,CURRENT817_ONLY_DELTA489,Later raw sitemap discovery only; not part of continuity baseline unless admitted by explicit scope-expansion change control.
/stores/casba-wonen-bv/,CURRENT817_ONLY_DELTA489,Later raw sitemap discovery only; not part of continuity baseline unless admitted by explicit scope-expansion change control.
/stores/chm-suriname-nv/,CURRENT817_ONLY_DELTA489,Later raw sitemap discovery only; not part of continuity baseline unless admitted by explicit scope-expansion change control.
/stores/classic-house-ek/,CURRENT817_ONLY_DELTA489,Later raw sitemap discovery only; not part of continuity baseline unless admitted by explicit scope-expansion change control.
/stores/collectania-moveis-e-objetos-de-arte-ltda-0/,CURRENT817_ONLY_DELTA489,Later raw sitemap discovery only; not part of continuity baseline unless admitted by explicit scope-expansion change control.
/stores/coppens-slaapcomfort-bv/,CURRENT817_ONLY_DELTA489,Later raw sitemap discovery only; not part of continuity baseline unless admitted by explicit scope-expansion change control.
/stores/curiosa-living/,CURRENT817_ONLY_DELTA489,Later raw sitemap discovery only; not part of continuity baseline unless admitted by explicit scope-expansion change control.
/stores/dalhuijsen-wonen-en-slapen/,CURRENT817_ONLY_DELTA489,Later raw sitemap discovery only; not part of continuity baseline unless admitted by explicit scope-expansion change control.
/stores/das-bett-komplett/,CURRENT817_ONLY_DELTA489,Later raw sitemap discovery only; not part of continuity baseline unless admitted by explicit scope-expansion change control.
/stores/das-matratzen-betten-haus/,CURRENT817_ONLY_DELTA489,Later raw sitemap discovery only; not part of continuity baseline unless admitted by explicit scope-expansion change control.
/stores/das-mobelgmbh/,CURRENT817_ONLY_DELTA489,Later raw sitemap discovery only; not part of continuity baseline unless admitted by explicit scope-expansion change control.
/stores/de-bedden/,CURRENT817_ONLY_DELTA489,Later raw sitemap discovery only; not part of continuity baseline unless admitted by explicit scope-expansion change control.
/stores/de-droomfabriek/,CURRENT817_ONLY_DELTA489,Later raw sitemap discovery only; not part of continuity baseline unless admitted by explicit scope-expansion change control.
/stores/de-jager-slapen/,CURRENT817_ONLY_DELTA489,Later raw sitemap discovery only; not part of continuity baseline unless admitted by explicit scope-expansion change control.
/stores/de-jong-bedden-en-wonen-bv/,CURRENT817_ONLY_DELTA489,Later raw sitemap discovery only; not part of continuity baseline unless admitted by explicit scope-expansion change control.
/stores/de-schipper-slapen-meer-vof/,CURRENT817_ONLY_DELTA489,Later raw sitemap discovery only; not part of continuity baseline unless admitted by explicit scope-expansion change control.
/stores/de-slaapboulevard-weerselo/,CURRENT817_ONLY_DELTA489,Later raw sitemap discovery only; not part of continuity baseline unless admitted by explicit scope-expansion change control.
/stores/de-slaapzaak-alkmaar/,CURRENT817_ONLY_DELTA489,Later raw sitemap discovery only; not part of continuity baseline unless admitted by explicit scope-expansion change control.
/stores/de-vries-slaapcomfort/,CURRENT817_ONLY_DELTA489,Later raw sitemap discovery only; not part of continuity baseline unless admitted by explicit scope-expansion change control.
/stores/dekkers-slaapcomfort/,CURRENT817_ONLY_DELTA489,Later raw sitemap discovery only; not part of continuity baseline unless admitted by explicit scope-expansion change control.
/stores/den-7-himmel/,CURRENT817_ONLY_DELTA489,Later raw sitemap discovery only; not part of continuity baseline unless admitted by explicit scope-expansion change control.
/stores/den-elzen-wonen-slapen-design/,CURRENT817_ONLY_DELTA489,Later raw sitemap discovery only; not part of continuity baseline unless admitted by explicit scope-expansion change control.
/stores/die-innenarchitektin/,CURRENT817_ONLY_DELTA489,Later raw sitemap discovery only; not part of continuity baseline unless admitted by explicit scope-expansion change control.
/stores/ditvoorst-slaapwinkel/,CURRENT817_ONLY_DELTA489,Later raw sitemap discovery only; not part of continuity baseline unless admitted by explicit scope-expansion change control.
/stores/domosfera-sleep-gallery/,CURRENT817_ONLY_DELTA489,Later raw sitemap discovery only; not part of continuity baseline unless admitted by explicit scope-expansion change control.
/stores/domstad-slaapspecialist/,CURRENT817_ONLY_DELTA489,Later raw sitemap discovery only; not part of continuity baseline unless admitted by explicit scope-expansion change control.
/stores/dreamland/,CURRENT817_ONLY_DELTA489,Later raw sitemap discovery only; not part of continuity baseline unless admitted by explicit scope-expansion change control.
/stores/droomboulevard-oisterwijk/,CURRENT817_ONLY_DELTA489,Later raw sitemap discovery only; not part of continuity baseline unless admitted by explicit scope-expansion change control.
/stores/du-fosse-meubilering-en-woninginrichting-sluis/,CURRENT817_ONLY_DELTA489,Later raw sitemap discovery only; not part of continuity baseline unless admitted by explicit scope-expansion change control.
/stores/dulle-schlaf-und-sitzkomfort/,CURRENT817_ONLY_DELTA489,Later raw sitemap discovery only; not part of continuity baseline unless admitted by explicit scope-expansion change control.
/stores/dusseldorfer-bettenhaus-gmbh/,CURRENT817_ONLY_DELTA489,Later raw sitemap discovery only; not part of continuity baseline unless admitted by explicit scope-expansion change control.
/stores/dutchhaves-hsinchu-store/,CURRENT817_ONLY_DELTA489,Later raw sitemap discovery only; not part of continuity baseline unless admitted by explicit scope-expansion change control.
/stores/dutchhaves-taichung-store/,CURRENT817_ONLY_DELTA489,Later raw sitemap discovery only; not part of continuity baseline unless admitted by explicit scope-expansion change control.
/stores/edra/,CURRENT817_ONLY_DELTA489,Later raw sitemap discovery only; not part of continuity baseline unless admitted by explicit scope-expansion change control.
/stores/eef-wonen-en-slapen/,CURRENT817_ONLY_DELTA489,Later raw sitemap discovery only; not part of continuity baseline unless admitted by explicit scope-expansion change control.
/stores/eijerkamp-veenendaal/,CURRENT817_ONLY_DELTA489,Later raw sitemap discovery only; not part of continuity baseline unless admitted by explicit scope-expansion change control.
/stores/eikin-mobler/,CURRENT817_ONLY_DELTA489,Later raw sitemap discovery only; not part of continuity baseline unless admitted by explicit scope-expansion change control.
/stores/einrichtungen-schwanewilm-gmbh/,CURRENT817_ONLY_DELTA489,Later raw sitemap discovery only; not part of continuity baseline unless admitted by explicit scope-expansion change control.
/stores/einrichtungshaus-casamobile-blennemann/,CURRENT817_ONLY_DELTA489,Later raw sitemap discovery only; not part of continuity baseline unless admitted by explicit scope-expansion change control.
/stores/engering-slaapcomfort/,CURRENT817_ONLY_DELTA489,Later raw sitemap discovery only; not part of continuity baseline unless admitted by explicit scope-expansion change control.
/stores/enjoy-beds/,CURRENT817_ONLY_DELTA489,Later raw sitemap discovery only; not part of continuity baseline unless admitted by explicit scope-expansion change control.
/stores/epal-hfepal-ltd/,CURRENT817_ONLY_DELTA489,Later raw sitemap discovery only; not part of continuity baseline unless admitted by explicit scope-expansion change control.
/stores/erling-christensen-mobler/,CURRENT817_ONLY_DELTA489,Later raw sitemap discovery only; not part of continuity baseline unless admitted by explicit scope-expansion change control.
/stores/euromattress-0/,CURRENT817_ONLY_DELTA489,Later raw sitemap discovery only; not part of continuity baseline unless admitted by explicit scope-expansion change control.
/stores/euromattress/,CURRENT817_ONLY_DELTA489,Later raw sitemap discovery only; not part of continuity baseline unless admitted by explicit scope-expansion change control.
/stores/expert-literie-0/,CURRENT817_ONLY_DELTA489,Later raw sitemap discovery only; not part of continuity baseline unless admitted by explicit scope-expansion change control.
/stores/expo-nova-mobelgalleri/,CURRENT817_ONLY_DELTA489,Later raw sitemap discovery only; not part of continuity baseline unless admitted by explicit scope-expansion change control.
/stores/fernando-moreno-decofemo-sl/,CURRENT817_ONLY_DELTA489,Later raw sitemap discovery only; not part of continuity baseline unless admitted by explicit scope-expansion change control.
/stores/fidder-slapen-0/,CURRENT817_ONLY_DELTA489,Later raw sitemap discovery only; not part of continuity baseline unless admitted by explicit scope-expansion change control.
/stores/fidder-slapen/,CURRENT817_ONLY_DELTA489,Later raw sitemap discovery only; not part of continuity baseline unless admitted by explicit scope-expansion change control.
/stores/fingerhut-wohndesign/,CURRENT817_ONLY_DELTA489,Later raw sitemap discovery only; not part of continuity baseline unless admitted by explicit scope-expansion change control.
/stores/frans-poorter-slaapcomfort-vof/,CURRENT817_ONLY_DELTA489,Later raw sitemap discovery only; not part of continuity baseline unless admitted by explicit scope-expansion change control.
/stores/gantes-1944/,CURRENT817_ONLY_DELTA489,Later raw sitemap discovery only; not part of continuity baseline unless admitted by explicit scope-expansion change control.
/stores/gasse-slaapcomfort-maastricht-bv/,CURRENT817_ONLY_DELTA489,Later raw sitemap discovery only; not part of continuity baseline unless admitted by explicit scope-expansion change control.
/stores/gasse-slaapkomfort-bv/,CURRENT817_ONLY_DELTA489,Later raw sitemap discovery only; not part of continuity baseline unless admitted by explicit scope-expansion change control.
/stores/gustav-blennemann-gmbh-cokg/,CURRENT817_ONLY_DELTA489,Later raw sitemap discovery only; not part of continuity baseline unless admitted by explicit scope-expansion change control.
/stores/guterbahnhof-12-gmbh/,CURRENT817_ONLY_DELTA489,Later raw sitemap discovery only; not part of continuity baseline unless admitted by explicit scope-expansion change control.
/stores/haags-beddenbedrijf/,CURRENT817_ONLY_DELTA489,Later raw sitemap discovery only; not part of continuity baseline unless admitted by explicit scope-expansion change control.
/stores/hartog-wonen/,CURRENT817_ONLY_DELTA489,Later raw sitemap discovery only; not part of continuity baseline unless admitted by explicit scope-expansion change control.
/stores/hauber-wohnen-gmbh/,CURRENT817_ONLY_DELTA489,Later raw sitemap discovery only; not part of continuity baseline unless admitted by explicit scope-expansion change control.
/stores/hollandia-beer-sheva/,CURRENT817_ONLY_DELTA489,Later raw sitemap discovery only; not part of continuity baseline unless admitted by explicit scope-expansion change control.
/stores/hollandia-herzliya/,CURRENT817_ONLY_DELTA489,Later raw sitemap discovery only; not part of continuity baseline unless admitted by explicit scope-expansion change control.
/stores/hollandia-jerusalem/,CURRENT817_ONLY_DELTA489,Later raw sitemap discovery only; not part of continuity baseline unless admitted by explicit scope-expansion change control.
/stores/hollandia-kiryat-ata-0/,CURRENT817_ONLY_DELTA489,Later raw sitemap discovery only; not part of continuity baseline unless admitted by explicit scope-expansion change control.
/stores/hollandia-kiryat-ata/,CURRENT817_ONLY_DELTA489,Later raw sitemap discovery only; not part of continuity baseline unless admitted by explicit scope-expansion change control.
/stores/hollandia-ramat-gan/,CURRENT817_ONLY_DELTA489,Later raw sitemap discovery only; not part of continuity baseline unless admitted by explicit scope-expansion change control.
/stores/hollandia-rehovot/,CURRENT817_ONLY_DELTA489,Later raw sitemap discovery only; not part of continuity baseline unless admitted by explicit scope-expansion change control.
/stores/hollandia-rishon-letsiyon/,CURRENT817_ONLY_DELTA489,Later raw sitemap discovery only; not part of continuity baseline unless admitted by explicit scope-expansion change control.
/stores/homan-slapen-assen/,CURRENT817_ONLY_DELTA489,Later raw sitemap discovery only; not part of continuity baseline unless admitted by explicit scope-expansion change control.
/stores/home-center-wolvega-bv/,CURRENT817_ONLY_DELTA489,Later raw sitemap discovery only; not part of continuity baseline unless admitted by explicit scope-expansion change control.
/stores/huisman-wonen-bv/,CURRENT817_ONLY_DELTA489,Later raw sitemap discovery only; not part of continuity baseline unless admitted by explicit scope-expansion change control.
/stores/humble-co-ltd-0/,CURRENT817_ONLY_DELTA489,Later raw sitemap discovery only; not part of continuity baseline unless admitted by explicit scope-expansion change control.
/stores/humble-co-ltd/,CURRENT817_ONLY_DELTA489,Later raw sitemap discovery only; not part of continuity baseline unless admitted by explicit scope-expansion change control.
/stores/i-vigna-snc-di-giorgio-vigna-c/,CURRENT817_ONLY_DELTA489,Later raw sitemap discovery only; not part of continuity baseline unless admitted by explicit scope-expansion change control.
/stores/ingvard-christensen-0/,CURRENT817_ONLY_DELTA489,Later raw sitemap discovery only; not part of continuity baseline unless admitted by explicit scope-expansion change control.
/stores/ingvard-christensen-1/,CURRENT817_ONLY_DELTA489,Later raw sitemap discovery only; not part of continuity baseline unless admitted by explicit scope-expansion change control.
/stores/ingvard-christensen-herning/,CURRENT817_ONLY_DELTA489,Later raw sitemap discovery only; not part of continuity baseline unless admitted by explicit scope-expansion change control.
/stores/ingvard-christensen/,CURRENT817_ONLY_DELTA489,Later raw sitemap discovery only; not part of continuity baseline unless admitted by explicit scope-expansion change control.
/stores/innometsa-korea-co-ltd/,CURRENT817_ONLY_DELTA489,Later raw sitemap discovery only; not part of continuity baseline unless admitted by explicit scope-expansion change control.
/stores/interieur-paauwe/,CURRENT817_ONLY_DELTA489,Later raw sitemap discovery only; not part of continuity baseline unless admitted by explicit scope-expansion change control.
/stores/interieurwereld-van-de-belt/,CURRENT817_ONLY_DELTA489,Later raw sitemap discovery only; not part of continuity baseline unless admitted by explicit scope-expansion change control.
/stores/jabss-mobiliari/,CURRENT817_ONLY_DELTA489,Later raw sitemap discovery only; not part of continuity baseline unless admitted by explicit scope-expansion change control.
/stores/jacobs-koppers-linnen-en-slapen-bv/,CURRENT817_ONLY_DELTA489,Later raw sitemap discovery only; not part of continuity baseline unless admitted by explicit scope-expansion change control.
/stores/jacobsen-mobler/,CURRENT817_ONLY_DELTA489,Later raw sitemap discovery only; not part of continuity baseline unless admitted by explicit scope-expansion change control.
/stores/jansen-totaal-wonen-bv/,CURRENT817_ONLY_DELTA489,Later raw sitemap discovery only; not part of continuity baseline unless admitted by explicit scope-expansion change control.
/stores/janus-lekker-slapen/,CURRENT817_ONLY_DELTA489,Later raw sitemap discovery only; not part of continuity baseline unless admitted by explicit scope-expansion change control.
/stores/jobo-mobler-aps/,CURRENT817_ONLY_DELTA489,Later raw sitemap discovery only; not part of continuity baseline unless admitted by explicit scope-expansion change control.
/stores/jorgen-c-nielsen-mobler/,CURRENT817_ONLY_DELTA489,Later raw sitemap discovery only; not part of continuity baseline unless admitted by explicit scope-expansion change control.
/stores/kallesoes-bolighus/,CURRENT817_ONLY_DELTA489,Later raw sitemap discovery only; not part of continuity baseline unless admitted by explicit scope-expansion change control.
/stores/kaluste-10/,CURRENT817_ONLY_DELTA489,Later raw sitemap discovery only; not part of continuity baseline unless admitted by explicit scope-expansion change control.
/stores/kanu-kitchen-kulture-pvt-ltd/,CURRENT817_ONLY_DELTA489,Later raw sitemap discovery only; not part of continuity baseline unless admitted by explicit scope-expansion change control.
/stores/kapenga-wonen-leeuwarden/,CURRENT817_ONLY_DELTA489,Later raw sitemap discovery only; not part of continuity baseline unless admitted by explicit scope-expansion change control.
/stores/kollund-mobler/,CURRENT817_ONLY_DELTA489,Later raw sitemap discovery only; not part of continuity baseline unless admitted by explicit scope-expansion change control.
/stores/kooloos-slaapspecialist/,CURRENT817_ONLY_DELTA489,Later raw sitemap discovery only; not part of continuity baseline unless admitted by explicit scope-expansion change control.
/stores/koos-kluijtmans-interieurs/,CURRENT817_ONLY_DELTA489,Later raw sitemap discovery only; not part of continuity baseline unless admitted by explicit scope-expansion change control.
/stores/korner-co-gmbh/,CURRENT817_ONLY_DELTA489,Later raw sitemap discovery only; not part of continuity baseline unless admitted by explicit scope-expansion change control.
/stores/kruit-en-kramer-bv/,CURRENT817_ONLY_DELTA489,Later raw sitemap discovery only; not part of continuity baseline unless admitted by explicit scope-expansion change control.
/stores/krychowski-einrichtungen-gmbh/,CURRENT817_ONLY_DELTA489,Later raw sitemap discovery only; not part of continuity baseline unless admitted by explicit scope-expansion change control.
/stores/la-bauhaus-sl/,CURRENT817_ONLY_DELTA489,Later raw sitemap discovery only; not part of continuity baseline unless admitted by explicit scope-expansion change control.
/stores/lienenkamper-ekfm/,CURRENT817_ONLY_DELTA489,Later raw sitemap discovery only; not part of continuity baseline unless admitted by explicit scope-expansion change control.
/stores/loft-interieur/,CURRENT817_ONLY_DELTA489,Later raw sitemap discovery only; not part of continuity baseline unless admitted by explicit scope-expansion change control.
/stores/lowik-wonen-en-slapen-droomdomein-vriezenveen/,CURRENT817_ONLY_DELTA489,Later raw sitemap discovery only; not part of continuity baseline unless admitted by explicit scope-expansion change control.
/stores/luxury-mattress-collection/,CURRENT817_ONLY_DELTA489,Later raw sitemap discovery only; not part of continuity baseline unless admitted by explicit scope-expansion change control.
/stores/maassen-van-den-brink-velp-bv/,CURRENT817_ONLY_DELTA489,Later raw sitemap discovery only; not part of continuity baseline unless admitted by explicit scope-expansion change control.
/stores/magneet-interieurs/,CURRENT817_ONLY_DELTA489,Later raw sitemap discovery only; not part of continuity baseline unless admitted by explicit scope-expansion change control.
/stores/matthieus-beddenbedrijf/,CURRENT817_ONLY_DELTA489,Later raw sitemap discovery only; not part of continuity baseline unless admitted by explicit scope-expansion change control.
/stores/meerlo-interieur-vof/,CURRENT817_ONLY_DELTA489,Later raw sitemap discovery only; not part of continuity baseline unless admitted by explicit scope-expansion change control.
/stores/megabed-bv/,CURRENT817_ONLY_DELTA489,Later raw sitemap discovery only; not part of continuity baseline unless admitted by explicit scope-expansion change control.
/stores/minderhoud-wonen/,CURRENT817_ONLY_DELTA489,Later raw sitemap discovery only; not part of continuity baseline unless admitted by explicit scope-expansion change control.
/stores/mobel-arop-rothenbusch-gmbh-co-kg/,CURRENT817_ONLY_DELTA489,Later raw sitemap discovery only; not part of continuity baseline unless admitted by explicit scope-expansion change control.
/stores/mobel-bross/,CURRENT817_ONLY_DELTA489,Later raw sitemap discovery only; not part of continuity baseline unless admitted by explicit scope-expansion change control.
/stores/mobel-buitkamp/,CURRENT817_ONLY_DELTA489,Later raw sitemap discovery only; not part of continuity baseline unless admitted by explicit scope-expansion change control.
/stores/mobel-steinbach-gmbh-co-kg/,CURRENT817_ONLY_DELTA489,Later raw sitemap discovery only; not part of continuity baseline unless admitted by explicit scope-expansion change control.
/stores/mobelhaus-muller-kg/,CURRENT817_ONLY_DELTA489,Later raw sitemap discovery only; not part of continuity baseline unless admitted by explicit scope-expansion change control.
/stores/mobitare/,CURRENT817_ONLY_DELTA489,Later raw sitemap discovery only; not part of continuity baseline unless admitted by explicit scope-expansion change control.
/stores/mobler-med-bo-bedst/,CURRENT817_ONLY_DELTA489,Later raw sitemap discovery only; not part of continuity baseline unless admitted by explicit scope-expansion change control.
/stores/mobler-med-inhouse/,CURRENT817_ONLY_DELTA489,Later raw sitemap discovery only; not part of continuity baseline unless admitted by explicit scope-expansion change control.
/stores/mobler-med-spjaldbo/,CURRENT817_ONLY_DELTA489,Later raw sitemap discovery only; not part of continuity baseline unless admitted by explicit scope-expansion change control.
/stores/moma-studio-0/,CURRENT817_ONLY_DELTA489,Later raw sitemap discovery only; not part of continuity baseline unless admitted by explicit scope-expansion change control.
/stores/moma-studio/,CURRENT817_ONLY_DELTA489,Later raw sitemap discovery only; not part of continuity baseline unless admitted by explicit scope-expansion change control.
/stores/morres-wonen-bv/,CURRENT817_ONLY_DELTA489,Later raw sitemap discovery only; not part of continuity baseline unless admitted by explicit scope-expansion change control.
/stores/mueblerama-nv-0/,CURRENT817_ONLY_DELTA489,Later raw sitemap discovery only; not part of continuity baseline unless admitted by explicit scope-expansion change control.
/stores/mueblerama-nv/,CURRENT817_ONLY_DELTA489,Later raw sitemap discovery only; not part of continuity baseline unless admitted by explicit scope-expansion change control.
/stores/muebles-riera-sl/,CURRENT817_ONLY_DELTA489,Later raw sitemap discovery only; not part of continuity baseline unless admitted by explicit scope-expansion change control.
/stores/nachtleven/,CURRENT817_ONLY_DELTA489,Later raw sitemap discovery only; not part of continuity baseline unless admitted by explicit scope-expansion change control.
/stores/nachtrust-amstelveen-0/,CURRENT817_ONLY_DELTA489,Later raw sitemap discovery only; not part of continuity baseline unless admitted by explicit scope-expansion change control.
/stores/nachtrust-beuningen/,CURRENT817_ONLY_DELTA489,Later raw sitemap discovery only; not part of continuity baseline unless admitted by explicit scope-expansion change control.
/stores/new-sleep-technologies-0/,CURRENT817_ONLY_DELTA489,Later raw sitemap discovery only; not part of continuity baseline unless admitted by explicit scope-expansion change control.
/stores/new-sleep-technologies/,CURRENT817_ONLY_DELTA489,Later raw sitemap discovery only; not part of continuity baseline unless admitted by explicit scope-expansion change control.
/stores/nordfjeld/,CURRENT817_ONLY_DELTA489,Later raw sitemap discovery only; not part of continuity baseline unless admitted by explicit scope-expansion change control.
/stores/nuland-woonstijl/,CURRENT817_ONLY_DELTA489,Later raw sitemap discovery only; not part of continuity baseline unless admitted by explicit scope-expansion change control.
/stores/ochmann-schlafkultur-0/,CURRENT817_ONLY_DELTA489,Later raw sitemap discovery only; not part of continuity baseline unless admitted by explicit scope-expansion change control.
/stores/okhuizen-leerdam/,CURRENT817_ONLY_DELTA489,Later raw sitemap discovery only; not part of continuity baseline unless admitted by explicit scope-expansion change control.
/stores/pabordia-sc/,CURRENT817_ONLY_DELTA489,Later raw sitemap discovery only; not part of continuity baseline unless admitted by explicit scope-expansion change control.
/stores/pabordia/,CURRENT817_ONLY_DELTA489,Later raw sitemap discovery only; not part of continuity baseline unless admitted by explicit scope-expansion change control.
/stores/passie-voor-slapen-slaapspeciaalzaak/,CURRENT817_ONLY_DELTA489,Later raw sitemap discovery only; not part of continuity baseline unless admitted by explicit scope-expansion change control.
/stores/passie-voor-slapen-vlaardingen/,CURRENT817_ONLY_DELTA489,Later raw sitemap discovery only; not part of continuity baseline unless admitted by explicit scope-expansion change control.
/stores/passie-voor-slapen/,CURRENT817_ONLY_DELTA489,Later raw sitemap discovery only; not part of continuity baseline unless admitted by explicit scope-expansion change control.
/stores/peters-interieurs-bv/,CURRENT817_ONLY_DELTA489,Later raw sitemap discovery only; not part of continuity baseline unless admitted by explicit scope-expansion change control.
/stores/peters-wonen-en-slapen-amsterdam/,CURRENT817_ONLY_DELTA489,Later raw sitemap discovery only; not part of continuity baseline unless admitted by explicit scope-expansion change control.
/stores/pfister-etoy/,CURRENT817_ONLY_DELTA489,Later raw sitemap discovery only; not part of continuity baseline unless admitted by explicit scope-expansion change control.
/stores/piet-klerkx-waalwijk/,CURRENT817_ONLY_DELTA489,Later raw sitemap discovery only; not part of continuity baseline unless admitted by explicit scope-expansion change control.
/stores/plaan-architekti-sro/,CURRENT817_ONLY_DELTA489,Later raw sitemap discovery only; not part of continuity baseline unless admitted by explicit scope-expansion change control.
/stores/plaisier-interieur/,CURRENT817_ONLY_DELTA489,Later raw sitemap discovery only; not part of continuity baseline unless admitted by explicit scope-expansion change control.
/stores/plindegaard-poulsen-bolig-aps/,CURRENT817_ONLY_DELTA489,Later raw sitemap discovery only; not part of continuity baseline unless admitted by explicit scope-expansion change control.
/stores/prime-selected-prod-psp-fzco/,CURRENT817_ONLY_DELTA489,Later raw sitemap discovery only; not part of continuity baseline unless admitted by explicit scope-expansion change control.
/stores/prime-selected-products-sarl/,CURRENT817_ONLY_DELTA489,Later raw sitemap discovery only; not part of continuity baseline unless admitted by explicit scope-expansion change control.
/stores/profita-house-styles/,CURRENT817_ONLY_DELTA489,Later raw sitemap discovery only; not part of continuity baseline unless admitted by explicit scope-expansion change control.
/stores/pssst-bettenhaus-freiburg/,CURRENT817_ONLY_DELTA489,Later raw sitemap discovery only; not part of continuity baseline unless admitted by explicit scope-expansion change control.
/stores/qiid-gorinchem/,CURRENT817_ONLY_DELTA489,Later raw sitemap discovery only; not part of continuity baseline unless admitted by explicit scope-expansion change control.
/stores/quartosala-home-culture/,CURRENT817_ONLY_DELTA489,Later raw sitemap discovery only; not part of continuity baseline unless admitted by explicit scope-expansion change control.
/stores/rebel-wonen-en-slapen-huizen/,CURRENT817_ONLY_DELTA489,Later raw sitemap discovery only; not part of continuity baseline unless admitted by explicit scope-expansion change control.
/stores/reedijk-wonen-bv/,CURRENT817_ONLY_DELTA489,Later raw sitemap discovery only; not part of continuity baseline unless admitted by explicit scope-expansion change control.
/stores/reflexoes-contemporary-design/,CURRENT817_ONLY_DELTA489,Later raw sitemap discovery only; not part of continuity baseline unless admitted by explicit scope-expansion change control.
/stores/rest-and-home/,CURRENT817_ONLY_DELTA489,Later raw sitemap discovery only; not part of continuity baseline unless admitted by explicit scope-expansion change control.
/stores/rest-home/,CURRENT817_ONLY_DELTA489,Later raw sitemap discovery only; not part of continuity baseline unless admitted by explicit scope-expansion change control.
/stores/rested-sleep-engineering/,CURRENT817_ONLY_DELTA489,Later raw sitemap discovery only; not part of continuity baseline unless admitted by explicit scope-expansion change control.
/stores/richters-beddenhuis-bv/,CURRENT817_ONLY_DELTA489,Later raw sitemap discovery only; not part of continuity baseline unless admitted by explicit scope-expansion change control.
/stores/rosen-alto-las-condes/,CURRENT817_ONLY_DELTA489,Later raw sitemap discovery only; not part of continuity baseline unless admitted by explicit scope-expansion change control.
/stores/rosen-la-dehesa/,CURRENT817_ONLY_DELTA489,Later raw sitemap discovery only; not part of continuity baseline unless admitted by explicit scope-expansion change control.
/stores/rosen-nueva-costanera/,CURRENT817_ONLY_DELTA489,Later raw sitemap discovery only; not part of continuity baseline unless admitted by explicit scope-expansion change control.
/stores/rosen-parc-araucano/,CURRENT817_ONLY_DELTA489,Later raw sitemap discovery only; not part of continuity baseline unless admitted by explicit scope-expansion change control.
/stores/rozing-wonen-dromen/,CURRENT817_ONLY_DELTA489,Later raw sitemap discovery only; not part of continuity baseline unless admitted by explicit scope-expansion change control.
/stores/ruckrad-gmbh/,CURRENT817_ONLY_DELTA489,Later raw sitemap discovery only; not part of continuity baseline unless admitted by explicit scope-expansion change control.
/stores/schippers-wonen-en-slapen/,CURRENT817_ONLY_DELTA489,Later raw sitemap discovery only; not part of continuity baseline unless admitted by explicit scope-expansion change control.
/stores/schlafcenter-bachor/,CURRENT817_ONLY_DELTA489,Later raw sitemap discovery only; not part of continuity baseline unless admitted by explicit scope-expansion change control.
/stores/schlafsysteme-oldenburg/,CURRENT817_ONLY_DELTA489,Later raw sitemap discovery only; not part of continuity baseline unless admitted by explicit scope-expansion change control.
/stores/schlafzentrum-eckstein/,CURRENT817_ONLY_DELTA489,Later raw sitemap discovery only; not part of continuity baseline unless admitted by explicit scope-expansion change control.
/stores/schlafzimmer-neuhauser-gmbh/,CURRENT817_ONLY_DELTA489,Later raw sitemap discovery only; not part of continuity baseline unless admitted by explicit scope-expansion change control.
/stores/schlafzone-areas/,CURRENT817_ONLY_DELTA489,Later raw sitemap discovery only; not part of continuity baseline unless admitted by explicit scope-expansion change control.
/stores/schneider-ihr-designmobelhaus/,CURRENT817_ONLY_DELTA489,Later raw sitemap discovery only; not part of continuity baseline unless admitted by explicit scope-expansion change control.
/stores/schuiling-wonen-en-slapen-leek/,CURRENT817_ONLY_DELTA489,Later raw sitemap discovery only; not part of continuity baseline unless admitted by explicit scope-expansion change control.
/stores/schuiling-wonen-en-slapen-zuidhorn/,CURRENT817_ONLY_DELTA489,Later raw sitemap discovery only; not part of continuity baseline unless admitted by explicit scope-expansion change control.
/stores/sejs-dyner-aps/,CURRENT817_ONLY_DELTA489,Later raw sitemap discovery only; not part of continuity baseline unless admitted by explicit scope-expansion change control.
/stores/selection-meubles-sprl/,CURRENT817_ONLY_DELTA489,Later raw sitemap discovery only; not part of continuity baseline unless admitted by explicit scope-expansion change control.
/stores/seng-aalborg/,CURRENT817_ONLY_DELTA489,Later raw sitemap discovery only; not part of continuity baseline unless admitted by explicit scope-expansion change control.
/stores/seng-bronshoj/,CURRENT817_ONLY_DELTA489,Later raw sitemap discovery only; not part of continuity baseline unless admitted by explicit scope-expansion change control.
/stores/seng-ega/,CURRENT817_ONLY_DELTA489,Later raw sitemap discovery only; not part of continuity baseline unless admitted by explicit scope-expansion change control.
/stores/seng-esbjerg/,CURRENT817_ONLY_DELTA489,Later raw sitemap discovery only; not part of continuity baseline unless admitted by explicit scope-expansion change control.
/stores/seng-frb/,CURRENT817_ONLY_DELTA489,Later raw sitemap discovery only; not part of continuity baseline unless admitted by explicit scope-expansion change control.
/stores/seng-glostrup/,CURRENT817_ONLY_DELTA489,Later raw sitemap discovery only; not part of continuity baseline unless admitted by explicit scope-expansion change control.
/stores/seng-hasle/,CURRENT817_ONLY_DELTA489,Later raw sitemap discovery only; not part of continuity baseline unless admitted by explicit scope-expansion change control.
/stores/seng-hellerup/,CURRENT817_ONLY_DELTA489,Later raw sitemap discovery only; not part of continuity baseline unless admitted by explicit scope-expansion change control.
/stores/seng-helsingor/,CURRENT817_ONLY_DELTA489,Later raw sitemap discovery only; not part of continuity baseline unless admitted by explicit scope-expansion change control.
/stores/seng-herning/,CURRENT817_ONLY_DELTA489,Later raw sitemap discovery only; not part of continuity baseline unless admitted by explicit scope-expansion change control.
/stores/seng-hjorring/,CURRENT817_ONLY_DELTA489,Later raw sitemap discovery only; not part of continuity baseline unless admitted by explicit scope-expansion change control.
/stores/seng-holbaek/,CURRENT817_ONLY_DELTA489,Later raw sitemap discovery only; not part of continuity baseline unless admitted by explicit scope-expansion change control.
/stores/seng-holstebro/,CURRENT817_ONLY_DELTA489,Later raw sitemap discovery only; not part of continuity baseline unless admitted by explicit scope-expansion change control.
/stores/seng-horsens/,CURRENT817_ONLY_DELTA489,Later raw sitemap discovery only; not part of continuity baseline unless admitted by explicit scope-expansion change control.
/stores/seng-koge/,CURRENT817_ONLY_DELTA489,Later raw sitemap discovery only; not part of continuity baseline unless admitted by explicit scope-expansion change control.
/stores/seng-kolding/,CURRENT817_ONLY_DELTA489,Later raw sitemap discovery only; not part of continuity baseline unless admitted by explicit scope-expansion change control.
/stores/seng-lyngby/,CURRENT817_ONLY_DELTA489,Later raw sitemap discovery only; not part of continuity baseline unless admitted by explicit scope-expansion change control.
/stores/seng-naestved/,CURRENT817_ONLY_DELTA489,Later raw sitemap discovery only; not part of continuity baseline unless admitted by explicit scope-expansion change control.
/stores/seng-odense-v/,CURRENT817_ONLY_DELTA489,Later raw sitemap discovery only; not part of continuity baseline unless admitted by explicit scope-expansion change control.
/stores/seng-odense/,CURRENT817_ONLY_DELTA489,Later raw sitemap discovery only; not part of continuity baseline unless admitted by explicit scope-expansion change control.
/stores/seng-osterbro/,CURRENT817_ONLY_DELTA489,Later raw sitemap discovery only; not part of continuity baseline unless admitted by explicit scope-expansion change control.
/stores/seng-randers/,CURRENT817_ONLY_DELTA489,Later raw sitemap discovery only; not part of continuity baseline unless admitted by explicit scope-expansion change control.
/stores/seng-roskilde/,CURRENT817_ONLY_DELTA489,Later raw sitemap discovery only; not part of continuity baseline unless admitted by explicit scope-expansion change control.
/stores/seng-silkeborg/,CURRENT817_ONLY_DELTA489,Later raw sitemap discovery only; not part of continuity baseline unless admitted by explicit scope-expansion change control.
/stores/seng-sonderborg/,CURRENT817_ONLY_DELTA489,Later raw sitemap discovery only; not part of continuity baseline unless admitted by explicit scope-expansion change control.
/stores/seng-tarnby/,CURRENT817_ONLY_DELTA489,Later raw sitemap discovery only; not part of continuity baseline unless admitted by explicit scope-expansion change control.
/stores/seng-valby/,CURRENT817_ONLY_DELTA489,Later raw sitemap discovery only; not part of continuity baseline unless admitted by explicit scope-expansion change control.
/stores/seng-vejle/,CURRENT817_ONLY_DELTA489,Later raw sitemap discovery only; not part of continuity baseline unless admitted by explicit scope-expansion change control.
/stores/seng-viborg/,CURRENT817_ONLY_DELTA489,Later raw sitemap discovery only; not part of continuity baseline unless admitted by explicit scope-expansion change control.
/stores/sengeexperten/,CURRENT817_ONLY_DELTA489,Later raw sitemap discovery only; not part of continuity baseline unless admitted by explicit scope-expansion change control.
/stores/sengekompagniet-aps-hillerod/,CURRENT817_ONLY_DELTA489,Later raw sitemap discovery only; not part of continuity baseline unless admitted by explicit scope-expansion change control.
/stores/sengekompagniet-aps-kobenhavn/,CURRENT817_ONLY_DELTA489,Later raw sitemap discovery only; not part of continuity baseline unless admitted by explicit scope-expansion change control.
/stores/sengekompagniet-aps-soborg/,CURRENT817_ONLY_DELTA489,Later raw sitemap discovery only; not part of continuity baseline unless admitted by explicit scope-expansion change control.
/stores/senpo/,CURRENT817_ONLY_DELTA489,Later raw sitemap discovery only; not part of continuity baseline unless admitted by explicit scope-expansion change control.
/stores/sisustusstuudio-now/,CURRENT817_ONLY_DELTA489,Later raw sitemap discovery only; not part of continuity baseline unless admitted by explicit scope-expansion change control.
/stores/slaapboulevard-kwakernaat/,CURRENT817_ONLY_DELTA489,Later raw sitemap discovery only; not part of continuity baseline unless admitted by explicit scope-expansion change control.
/stores/slaapidee-slaapkamers/,CURRENT817_ONLY_DELTA489,Later raw sitemap discovery only; not part of continuity baseline unless admitted by explicit scope-expansion change control.
/stores/slaapkamerspeczaak-koops-bv/,CURRENT817_ONLY_DELTA489,Later raw sitemap discovery only; not part of continuity baseline unless admitted by explicit scope-expansion change control.
/stores/slaapkenner-lute/,CURRENT817_ONLY_DELTA489,Later raw sitemap discovery only; not part of continuity baseline unless admitted by explicit scope-expansion change control.
/stores/slaapkenner-nico-van-de-nes/,CURRENT817_ONLY_DELTA489,Later raw sitemap discovery only; not part of continuity baseline unless admitted by explicit scope-expansion change control.
/stores/slaapkenner-theo-bot/,CURRENT817_ONLY_DELTA489,Later raw sitemap discovery only; not part of continuity baseline unless admitted by explicit scope-expansion change control.
/stores/slaapkenner-van-ravenhorst/,CURRENT817_ONLY_DELTA489,Later raw sitemap discovery only; not part of continuity baseline unless admitted by explicit scope-expansion change control.
/stores/slaapkenner-zuidervaart/,CURRENT817_ONLY_DELTA489,Later raw sitemap discovery only; not part of continuity baseline unless admitted by explicit scope-expansion change control.
/stores/slaapsfeer-berden-heerlen/,CURRENT817_ONLY_DELTA489,Later raw sitemap discovery only; not part of continuity baseline unless admitted by explicit scope-expansion change control.
/stores/slaapsfeer-groesbeek-bv/,CURRENT817_ONLY_DELTA489,Later raw sitemap discovery only; not part of continuity baseline unless admitted by explicit scope-expansion change control.
/stores/slaapspecialist-hendriksen/,CURRENT817_ONLY_DELTA489,Later raw sitemap discovery only; not part of continuity baseline unless admitted by explicit scope-expansion change control.
/stores/sleep-gallery-megadom-mall/,CURRENT817_ONLY_DELTA489,Later raw sitemap discovery only; not part of continuity baseline unless admitted by explicit scope-expansion change control.
/stores/sleep-gallery/,CURRENT817_ONLY_DELTA489,Later raw sitemap discovery only; not part of continuity baseline unless admitted by explicit scope-expansion change control.
/stores/sleep-system/,CURRENT817_ONLY_DELTA489,Later raw sitemap discovery only; not part of continuity baseline unless admitted by explicit scope-expansion change control.
/stores/sleepconsult/,CURRENT817_ONLY_DELTA489,Later raw sitemap discovery only; not part of continuity baseline unless admitted by explicit scope-expansion change control.
/stores/sleeping-art-schlafkonzepte/,CURRENT817_ONLY_DELTA489,Later raw sitemap discovery only; not part of continuity baseline unless admitted by explicit scope-expansion change control.
/stores/sleeping-plaza-0/,CURRENT817_ONLY_DELTA489,Later raw sitemap discovery only; not part of continuity baseline unless admitted by explicit scope-expansion change control.
/stores/sleeping-plaza/,CURRENT817_ONLY_DELTA489,Later raw sitemap discovery only; not part of continuity baseline unless admitted by explicit scope-expansion change control.
/stores/sleepwell-de-slaapspecialist/,CURRENT817_ONLY_DELTA489,Later raw sitemap discovery only; not part of continuity baseline unless admitted by explicit scope-expansion change control.
/stores/sleepworld-groningen/,CURRENT817_ONLY_DELTA489,Later raw sitemap discovery only; not part of continuity baseline unless admitted by explicit scope-expansion change control.
/stores/sleepworld-helmond/,CURRENT817_ONLY_DELTA489,Later raw sitemap discovery only; not part of continuity baseline unless admitted by explicit scope-expansion change control.
/stores/sluys-wonen-vianen-bv/,CURRENT817_ONLY_DELTA489,Later raw sitemap discovery only; not part of continuity baseline unless admitted by explicit scope-expansion change control.
/stores/snoeken-wonen-uffelte/,CURRENT817_ONLY_DELTA489,Later raw sitemap discovery only; not part of continuity baseline unless admitted by explicit scope-expansion change control.
/stores/sovestudio/,CURRENT817_ONLY_DELTA489,Later raw sitemap discovery only; not part of continuity baseline unless admitted by explicit scope-expansion change control.
/stores/stelling-woninginrichting-bv/,CURRENT817_ONLY_DELTA489,Later raw sitemap discovery only; not part of continuity baseline unless admitted by explicit scope-expansion change control.
/stores/sterk-wonen/,CURRENT817_ONLY_DELTA489,Later raw sitemap discovery only; not part of continuity baseline unless admitted by explicit scope-expansion change control.
/stores/stilleben-wohnacc-vertrgmbh/,CURRENT817_ONLY_DELTA489,Later raw sitemap discovery only; not part of continuity baseline unless admitted by explicit scope-expansion change control.
/stores/swagerman-slapen-en-wonen/,CURRENT817_ONLY_DELTA489,Later raw sitemap discovery only; not part of continuity baseline unless admitted by explicit scope-expansion change control.
/stores/time2sleep/,CURRENT817_ONLY_DELTA489,Later raw sitemap discovery only; not part of continuity baseline unless admitted by explicit scope-expansion change control.
/stores/torrekens-slapen/,CURRENT817_ONLY_DELTA489,Later raw sitemap discovery only; not part of continuity baseline unless admitted by explicit scope-expansion change control.
/stores/traumform-ek/,CURRENT817_ONLY_DELTA489,Later raw sitemap discovery only; not part of continuity baseline unless admitted by explicit scope-expansion change control.
/stores/tri-slona-sleep-gallery/,CURRENT817_ONLY_DELTA489,Later raw sitemap discovery only; not part of continuity baseline unless admitted by explicit scope-expansion change control.
/stores/urgell/,CURRENT817_ONLY_DELTA489,Later raw sitemap discovery only; not part of continuity baseline unless admitted by explicit scope-expansion change control.
/stores/vaje-wohnen/,CURRENT817_ONLY_DELTA489,Later raw sitemap discovery only; not part of continuity baseline unless admitted by explicit scope-expansion change control.
/stores/van-aubel-coenen-slapen-bv/,CURRENT817_ONLY_DELTA489,Later raw sitemap discovery only; not part of continuity baseline unless admitted by explicit scope-expansion change control.
/stores/van-beek-bedden-bv/,CURRENT817_ONLY_DELTA489,Later raw sitemap discovery only; not part of continuity baseline unless admitted by explicit scope-expansion change control.
/stores/van-de-mortel-uitgerust-slaapcomfort/,CURRENT817_ONLY_DELTA489,Later raw sitemap discovery only; not part of continuity baseline unless admitted by explicit scope-expansion change control.
/stores/van-der-meulen-bedtextiel/,CURRENT817_ONLY_DELTA489,Later raw sitemap discovery only; not part of continuity baseline unless admitted by explicit scope-expansion change control.
/stores/van-der-wal-interieur-adviseurs-bv/,CURRENT817_ONLY_DELTA489,Later raw sitemap discovery only; not part of continuity baseline unless admitted by explicit scope-expansion change control.
/stores/van-til-interieur/,CURRENT817_ONLY_DELTA489,Later raw sitemap discovery only; not part of continuity baseline unless admitted by explicit scope-expansion change control.
/stores/van-waay-interieurs/,CURRENT817_ONLY_DELTA489,Later raw sitemap discovery only; not part of continuity baseline unless admitted by explicit scope-expansion change control.
/stores/van-zutphen-bedtijd-bv/,CURRENT817_ONLY_DELTA489,Later raw sitemap discovery only; not part of continuity baseline unless admitted by explicit scope-expansion change control.
/stores/verberckmoes/,CURRENT817_ONLY_DELTA489,Later raw sitemap discovery only; not part of continuity baseline unless admitted by explicit scope-expansion change control.
/stores/verdegem-wonen/,CURRENT817_ONLY_DELTA489,Later raw sitemap discovery only; not part of continuity baseline unless admitted by explicit scope-expansion change control.
/stores/vestergaard-mobler-lyngby/,CURRENT817_ONLY_DELTA489,Later raw sitemap discovery only; not part of continuity baseline unless admitted by explicit scope-expansion change control.
/stores/vestergaard-mobler-naestved/,CURRENT817_ONLY_DELTA489,Later raw sitemap discovery only; not part of continuity baseline unless admitted by explicit scope-expansion change control.
/stores/vestergard-mobler-holbaek/,CURRENT817_ONLY_DELTA489,Later raw sitemap discovery only; not part of continuity baseline unless admitted by explicit scope-expansion change control.
/stores/vestergard-mobler-kobenhavn/,CURRENT817_ONLY_DELTA489,Later raw sitemap discovery only; not part of continuity baseline unless admitted by explicit scope-expansion change control.
/stores/voruhusid-litaval/,CURRENT817_ONLY_DELTA489,Later raw sitemap discovery only; not part of continuity baseline unless admitted by explicit scope-expansion change control.
/stores/wagenmans-wonen-bv/,CURRENT817_ONLY_DELTA489,Later raw sitemap discovery only; not part of continuity baseline unless admitted by explicit scope-expansion change control.
/stores/walter-diehm-gmbh/,CURRENT817_ONLY_DELTA489,Later raw sitemap discovery only; not part of continuity baseline unless admitted by explicit scope-expansion change control.
/stores/wessels-wonen-en-slapen-bv/,CURRENT817_ONLY_DELTA489,Later raw sitemap discovery only; not part of continuity baseline unless admitted by explicit scope-expansion change control.
/stores/wielinga-tabbers/,CURRENT817_ONLY_DELTA489,Later raw sitemap discovery only; not part of continuity baseline unless admitted by explicit scope-expansion change control.
/stores/wohnaugenblick-meyer/,CURRENT817_ONLY_DELTA489,Later raw sitemap discovery only; not part of continuity baseline unless admitted by explicit scope-expansion change control.
/stores/wohnmacher-leipzig-gmbh/,CURRENT817_ONLY_DELTA489,Later raw sitemap discovery only; not part of continuity baseline unless admitted by explicit scope-expansion change control.
/stores/wohnraum-frankfurt/,CURRENT817_ONLY_DELTA489,Later raw sitemap discovery only; not part of continuity baseline unless admitted by explicit scope-expansion change control.
/stores/wohnraum-mainz/,CURRENT817_ONLY_DELTA489,Later raw sitemap discovery only; not part of continuity baseline unless admitted by explicit scope-expansion change control.
/stores/wolters-wonen/,CURRENT817_ONLY_DELTA489,Later raw sitemap discovery only; not part of continuity baseline unless admitted by explicit scope-expansion change control.
/stores/woningtextielhuis-voorschoten/,CURRENT817_ONLY_DELTA489,Later raw sitemap discovery only; not part of continuity baseline unless admitted by explicit scope-expansion change control.
/stores/woonrijk-langedijk/,CURRENT817_ONLY_DELTA489,Later raw sitemap discovery only; not part of continuity baseline unless admitted by explicit scope-expansion change control.
/stores/woonstudio-daris/,CURRENT817_ONLY_DELTA489,Later raw sitemap discovery only; not part of continuity baseline unless admitted by explicit scope-expansion change control.
/stores/xl-literie-saint-paul/,CURRENT817_ONLY_DELTA489,Later raw sitemap discovery only; not part of continuity baseline unless admitted by explicit scope-expansion change control.
/stores/xl-literie-saint-pierre/,CURRENT817_ONLY_DELTA489,Later raw sitemap discovery only; not part of continuity baseline unless admitted by explicit scope-expansion change control.
/stores/yaiza-descanso-armarios/,CURRENT817_ONLY_DELTA489,Later raw sitemap discovery only; not part of continuity baseline unless admitted by explicit scope-expansion change control.
/stores/yaiza-descanso-bilbao/,CURRENT817_ONLY_DELTA489,Later raw sitemap discovery only; not part of continuity baseline unless admitted by explicit scope-expansion change control.
/stores/zeitlos-wohnen/,CURRENT817_ONLY_DELTA489,Later raw sitemap discovery only; not part of continuity baseline unless admitted by explicit scope-expansion change control.
/stories/auping-evolve-every-body/,CURRENT817_ONLY_DELTA489,Later raw sitemap discovery only; not part of continuity baseline unless admitted by explicit scope-expansion change control.
/stories/auping-x-niagar/,CURRENT817_ONLY_DELTA489,Later raw sitemap discovery only; not part of continuity baseline unless admitted by explicit scope-expansion change control.
/stories/circularity/,CURRENT817_ONLY_DELTA489,Later raw sitemap discovery only; not part of continuity baseline unless admitted by explicit scope-expansion change control.
/stories/cold-weather-we-stay-tucked-up-for-longer/,CURRENT817_ONLY_DELTA489,Later raw sitemap discovery only; not part of continuity baseline unless admitted by explicit scope-expansion change control.
/stories/het-beste-matras/,CURRENT817_ONLY_DELTA489,Later raw sitemap discovery only; not part of continuity baseline unless admitted by explicit scope-expansion change control.
/stories/ode-your-mind/,CURRENT817_ONLY_DELTA489,Later raw sitemap discovery only; not part of continuity baseline unless admitted by explicit scope-expansion change control.
/stories/please-have-seat/,CURRENT817_ONLY_DELTA489,Later raw sitemap discovery only; not part of continuity baseline unless admitted by explicit scope-expansion change control.
/stories/sustainable-dictionary/,CURRENT817_ONLY_DELTA489,Later raw sitemap discovery only; not part of continuity baseline unless admitted by explicit scope-expansion change control.
/teklan/,CURRENT817_ONLY_DELTA489,Later raw sitemap discovery only; not part of continuity baseline unless admitted by explicit scope-expansion change control.
/urgell/,CURRENT817_ONLY_DELTA489,Later raw sitemap discovery only; not part of continuity baseline unless admitted by explicit scope-expansion change control.
