pageId,localPath,kind,sourcePageId,title,control,imageCount,copyPolicy
beds--auronde-deep-black,/beds/auronde-deep-black/,core-existing,beds--auronde-white-oak,Auronde 深黑,,2,catalog-attributes-only
beds--auronde-natural-oak,/beds/auronde-natural-oak/,core-existing,beds--auronde-white-oak,Auronde 天然橡木,,2,catalog-attributes-only
beds--essential-deep-black-headboard,/beds/essential-deep-black-headboard/,core-existing,beds--essential-pure-white,Essential 深黑,,2,catalog-attributes-only
beds--essential-deep-black,/beds/essential-deep-black/,core-existing,beds--essential-pure-white,Essential 深黑,,2,catalog-attributes-only
beds--essential-pine-green,/beds/essential-pine-green/,core-existing,beds--essential-pure-white,Essential 松綠,,2,catalog-attributes-only
beds--essential-sand-beige,/beds/essential-sand-beige/,core-existing,beds--essential-pure-white,Essential 沙米色,,2,catalog-attributes-only
beds--noa-balanced-oak-open-lamellas-headboard,/beds/noa-balanced-oak-open-lamellas-headboard/,core-existing,beds--noa-balanced-oak,Noa 平衡橡木,,2,catalog-attributes-only
beds--noa-balanced-oak-table,/beds/noa-balanced-oak-table/,core-existing,beds--noa-balanced-oak,Noa 平衡橡木,,2,catalog-attributes-only
beds--noa-chocolate-brown-oak,/beds/noa-chocolate-brown-oak/,core-existing,beds--noa-balanced-oak,Noa 巧克力棕橡木,,2,catalog-attributes-only
beds--noa-midnight-black-oak,/beds/noa-midnight-black-oak/,core-existing,beds--noa-balanced-oak,Noa 午夜黑橡木,,2,catalog-attributes-only
beds--noa-soft-white-oak,/beds/noa-soft-white-oak/,core-existing,beds--noa-balanced-oak,Noa 柔白 橡木,,2,catalog-attributes-only
beds--original-deep-black-outline-headboard,/beds/original-deep-black-outline-headboard/,core-existing,beds--original-blush,Original-深黑,,2,catalog-attributes-only
beds--original-deep-black,/beds/original-deep-black/,core-existing,beds--original-blush,Original 深黑,,2,catalog-attributes-only
beds--original-pine-green-dew-emerald,/beds/original-pine-green-dew-emerald/,core-existing,beds--original-blush,Original 松綠,,2,catalog-attributes-only
beds--original-royal-blue,/beds/original-royal-blue/,core-existing,beds--original-blush,Original 皇家藍,,2,catalog-attributes-only
box-springs--criade-cool-grey,/box-springs/criade-cool-grey/,core-existing,box-springs--criade-blush,Criade 冷灰,,2,catalog-attributes-only
box-springs--criade-deep-black,/box-springs/criade-deep-black/,core-existing,box-springs--criade-blush,Criade 深黑,,2,catalog-attributes-only
box-springs--criade-dusty-red,/box-springs/criade-dusty-red/,core-existing,box-springs--criade-blush,Criade 霧紅,,2,catalog-attributes-only
box-springs--criade-pine-green,/box-springs/criade-pine-green/,core-existing,box-springs--criade-blush,Criade 松綠,,2,catalog-attributes-only
box-springs--criade-sand-beige,/box-springs/criade-sand-beige/,core-existing,box-springs--criade-blush,Criade 沙米色,,2,catalog-attributes-only
box-springs--kiruna-night-blue,/box-springs/kiruna-night-blue/,core-existing,box-springs--kiruna-deep-black,Kiruna 夜藍,,2,catalog-attributes-only
box-springs--kiruna-pine-green,/box-springs/kiruna-pine-green/,core-existing,box-springs--kiruna-deep-black,Kiruna 松綠,,2,catalog-attributes-only
box-springs--kiruna-warm-grey-sami,/box-springs/kiruna-warm-grey-sami/,core-existing,box-springs--kiruna-deep-black,Kiruna 暖灰,,2,catalog-attributes-only
box-springs--original-box-spring-blush,/box-springs/original-box-spring-blush/,core-existing,box-springs--original-box-spring-dusty-red,Original 裸粉,,2,catalog-attributes-only
box-springs--original-box-spring-cool-grey,/box-springs/original-box-spring-cool-grey/,core-existing,box-springs--original-box-spring-dusty-red,Original 冷灰,,2,catalog-attributes-only
box-springs--original-box-spring-deep-black,/box-springs/original-box-spring-deep-black/,core-existing,box-springs--original-box-spring-dusty-red,Original 深黑,,2,catalog-attributes-only
box-springs--original-box-spring-pure-white,/box-springs/original-box-spring-pure-white/,core-existing,box-springs--original-box-spring-dusty-red,Original 純白,,2,catalog-attributes-only
box-springs--original-box-spring-royal-blue,/box-springs/original-box-spring-royal-blue/,core-existing,box-springs--original-box-spring-dusty-red,Original 皇家藍,,2,catalog-attributes-only
box-springs--original-box-spring-sand-beige,/box-springs/original-box-spring-sand-beige/,core-existing,box-springs--original-box-spring-dusty-red,Original 沙米色,,2,catalog-attributes-only
bed-linen--duvet-covers--beige-lines-satin-duvet-cover,/bed-linen/duvet-covers/beige-lines-satin-duvet-cover/,core-existing,bed-linen--duvet-covers--white-lines-satin-duvet-cover,米色線條棉緞 被套,size,2,catalog-attributes-only
bed-linen--duvet-covers--bright-kaleidoscope-duvet-cover,/bed-linen/duvet-covers/bright-kaleidoscope-duvet-cover/,core-existing,bed-linen--duvet-covers--white-lines-satin-duvet-cover,繽紛萬花筒 被套,size,2,catalog-attributes-only
bed-linen--duvet-covers--brilliant-grey-duvet-cover,/bed-linen/duvet-covers/brilliant-grey-duvet-cover/,core-existing,bed-linen--duvet-covers--white-lines-satin-duvet-cover,亮采灰 被套,size,2,catalog-attributes-only
bed-linen--duvet-covers--brilliant-stone-duvet-cover,/bed-linen/duvet-covers/brilliant-stone-duvet-cover/,core-existing,bed-linen--duvet-covers--white-lines-satin-duvet-cover,亮采石色 被套,size,2,catalog-attributes-only
bed-linen--duvet-covers--chambray-blush-duvet-cover,/bed-linen/duvet-covers/chambray-blush-duvet-cover/,core-existing,bed-linen--duvet-covers--white-lines-satin-duvet-cover,洗水棉 裸粉 被套,size,2,catalog-attributes-only
bed-linen--duvet-covers--chambray-chalk-duvet-cover,/bed-linen/duvet-covers/chambray-chalk-duvet-cover/,core-existing,bed-linen--duvet-covers--white-lines-satin-duvet-cover,洗水棉粉白 被套,size,2,catalog-attributes-only
bed-linen--duvet-covers--chambray-denim-blue-duvet-cover,/bed-linen/duvet-covers/chambray-denim-blue-duvet-cover/,core-existing,bed-linen--duvet-covers--white-lines-satin-duvet-cover,洗水棉丹寧藍 被套,size,2,catalog-attributes-only
bed-linen--duvet-covers--chambray-plum-duvet-cover,/bed-linen/duvet-covers/chambray-plum-duvet-cover/,core-existing,bed-linen--duvet-covers--white-lines-satin-duvet-cover,洗水棉梅紫 被套,size,2,catalog-attributes-only
bed-linen--duvet-covers--classic-white-blue-duvet-cover,/bed-linen/duvet-covers/classic-white-blue-duvet-cover/,core-existing,bed-linen--duvet-covers--white-lines-satin-duvet-cover,經典藍 被套,size,2,catalog-attributes-only
bed-linen--duvet-covers--classic-white-grey-duvet-cover,/bed-linen/duvet-covers/classic-white-grey-duvet-cover/,core-existing,bed-linen--duvet-covers--white-lines-satin-duvet-cover,經典灰 被套,size,2,catalog-attributes-only
bed-linen--duvet-covers--classic-white-stone-duvet-cover,/bed-linen/duvet-covers/classic-white-stone-duvet-cover/,core-existing,bed-linen--duvet-covers--white-lines-satin-duvet-cover,經典石色 被套,size,2,catalog-attributes-only
bed-linen--duvet-covers--gentle-clover-duvet-cover,/bed-linen/duvet-covers/gentle-clover-duvet-cover/,core-existing,bed-linen--duvet-covers--white-lines-satin-duvet-cover,柔和幸運草 被套,size,2,catalog-attributes-only
bed-linen--duvet-covers--graphic-bordeaux-duvet-cover,/bed-linen/duvet-covers/graphic-bordeaux-duvet-cover/,core-existing,bed-linen--duvet-covers--white-lines-satin-duvet-cover,酒紅幾何 被套,size,2,catalog-attributes-only
bed-linen--duvet-covers--mauve-twists-duvet-cover,/bed-linen/duvet-covers/mauve-twists-duvet-cover/,core-existing,bed-linen--duvet-covers--white-lines-satin-duvet-cover,藕紫旋紋 被套,size,2,catalog-attributes-only
bed-linen--duvet-covers--meandering-blue-duvet-cover,/bed-linen/duvet-covers/meandering-blue-duvet-cover/,core-existing,bed-linen--duvet-covers--white-lines-satin-duvet-cover,蜿蜒藍 被套,size,2,catalog-attributes-only
bed-linen--duvet-covers--natural-clay-duvet-cover,/bed-linen/duvet-covers/natural-clay-duvet-cover/,core-existing,bed-linen--duvet-covers--white-lines-satin-duvet-cover,自然陶土 被套,size,2,catalog-attributes-only
bed-linen--duvet-covers--playful-bricks-duvet-cover,/bed-linen/duvet-covers/playful-bricks-duvet-cover/,core-existing,bed-linen--duvet-covers--white-lines-satin-duvet-cover,繽紛積木 被套,size,2,catalog-attributes-only
bed-linen--duvet-covers--sand-beige-satin-duvet-cover,/bed-linen/duvet-covers/sand-beige-satin-duvet-cover/,core-existing,bed-linen--duvet-covers--white-lines-satin-duvet-cover,沙米色 棉緞 被套,size,2,catalog-attributes-only
bed-linen--duvet-covers--seaside-grid-duvet-cover,/bed-linen/duvet-covers/seaside-grid-duvet-cover/,core-existing,bed-linen--duvet-covers--white-lines-satin-duvet-cover,海岸格紋 被套,size,2,catalog-attributes-only
bed-linen--duvet-covers--silent-grey-duvet-cover,/bed-linen/duvet-covers/silent-grey-duvet-cover/,core-existing,bed-linen--duvet-covers--white-lines-satin-duvet-cover,靜謐灰 被套,size,2,catalog-attributes-only
bed-linen--duvet-covers--warm-embrace-duvet-cover,/bed-linen/duvet-covers/warm-embrace-duvet-cover/,core-existing,bed-linen--duvet-covers--white-lines-satin-duvet-cover,溫暖擁抱 被套,size,2,catalog-attributes-only
bed-linen--fitted-sheets--jersey-235-fitted-sheet-mattress,/bed-linen/fitted-sheets/jersey-235-fitted-sheet-mattress/,linked-catalog,bed-linen--duvet-covers--white-lines-satin-duvet-cover,Jersey 235 一般床墊包覆式床包,color,2,catalog-attributes-only
bed-linen--fitted-sheets--jersey-235-fitted-sheet-top-mattress,/bed-linen/fitted-sheets/jersey-235-fitted-sheet-top-mattress/,linked-catalog,bed-linen--duvet-covers--white-lines-satin-duvet-cover,Jersey 235 上層床墊包覆式床包,color,1,catalog-attributes-only
bed-linen--fitted-sheets--jersey-235-fitted-sheet-split-top-mattress,/bed-linen/fitted-sheets/jersey-235-fitted-sheet-split-top-mattress/,linked-catalog,bed-linen--duvet-covers--white-lines-satin-duvet-cover,Jersey 235 分離式床墊包覆式床包,color,2,catalog-attributes-only
bed-linen--fitted-sheets--jersey-190-fitted-sheet-mattress,/bed-linen/fitted-sheets/jersey-190-fitted-sheet-mattress/,linked-catalog,bed-linen--duvet-covers--white-lines-satin-duvet-cover,Jersey 190 一般床墊包覆式床包,color,2,catalog-attributes-only
bed-linen--fitted-sheets--jersey-190-fitted-sheet-top-mattress,/bed-linen/fitted-sheets/jersey-190-fitted-sheet-top-mattress/,linked-catalog,bed-linen--duvet-covers--white-lines-satin-duvet-cover,Jersey 190 上層床墊包覆式床包,color,2,catalog-attributes-only
bed-linen--fitted-sheets--jersey-190-fitted-sheet-split-top-mattress,/bed-linen/fitted-sheets/jersey-190-fitted-sheet-split-top-mattress/,linked-catalog,bed-linen--duvet-covers--white-lines-satin-duvet-cover,Jersey 190 分離式床墊包覆式床包,color,2,catalog-attributes-only
bed-linen--fitted-sheets--satin-300-fitted-sheet-top-mattress,/bed-linen/fitted-sheets/satin-300-fitted-sheet-top-mattress/,linked-catalog,bed-linen--duvet-covers--white-lines-satin-duvet-cover,Satin 300 上層床墊包覆式床包,color,2,catalog-attributes-only
bed-linen--duvets--auping-cloud-duvet-summer,/bed-linen/duvets/auping-cloud-duvet-summer/,linked-catalog,bed-linen--duvet-covers--white-lines-satin-duvet-cover,Auping Cloud 夏被,size,1,catalog-attributes-only
bed-linen--duvets--auping-nest-duvet-summer,/bed-linen/duvets/auping-nest-duvet-summer/,linked-catalog,bed-linen--duvet-covers--white-lines-satin-duvet-cover,Auping Nest 夏被,size,1,catalog-attributes-only
bed-linen--duvets--auping-dew-duvet-summer,/bed-linen/duvets/auping-dew-duvet-summer/,linked-catalog,bed-linen--duvet-covers--white-lines-satin-duvet-cover,Auping Dew 夏被,size,1,catalog-attributes-only
bed-linen--duvets--auping-cloud-duvet-springfall,/bed-linen/duvets/auping-cloud-duvet-springfall/,linked-catalog,bed-linen--duvet-covers--white-lines-satin-duvet-cover,Auping Cloud 春秋被,size,1,catalog-attributes-only
bed-linen--duvets--auping-nest-duvet-springfall,/bed-linen/duvets/auping-nest-duvet-springfall/,linked-catalog,bed-linen--duvet-covers--white-lines-satin-duvet-cover,Auping Nest 春秋被,size,1,catalog-attributes-only
bed-linen--duvets--auping-dew-duvet-springfall,/bed-linen/duvets/auping-dew-duvet-springfall/,linked-catalog,bed-linen--duvet-covers--white-lines-satin-duvet-cover,Auping Dew 春秋被,size,1,catalog-attributes-only
bed-linen--duvets--auping-cloud-duvet-four-seasons,/bed-linen/duvets/auping-cloud-duvet-four-seasons/,linked-catalog,bed-linen--duvet-covers--white-lines-satin-duvet-cover,Auping Cloud 四季被,size,1,catalog-attributes-only
bed-linen--duvets--auping-nest-duvet-four-seasons,/bed-linen/duvets/auping-nest-duvet-four-seasons/,linked-catalog,bed-linen--duvet-covers--white-lines-satin-duvet-cover,Auping Nest 四季被,size,1,catalog-attributes-only
bed-linen--duvets--auping-dew-duvet-four-seasons,/bed-linen/duvets/auping-dew-duvet-four-seasons/,linked-catalog,bed-linen--duvet-covers--white-lines-satin-duvet-cover,Auping Dew 四季被,size,1,catalog-attributes-only
bed-linen--mattress-protectors--molton-mattress-protector,/bed-linen/mattress-protectors/molton-mattress-protector/,linked-catalog,bed-linen--duvet-covers--white-lines-satin-duvet-cover,Molton 床墊保潔墊,size,1,catalog-attributes-only
bed-linen--mattress-protectors--molton-pillow-case,/bed-linen/mattress-protectors/molton-pillow-case/,linked-catalog,bed-linen--duvet-covers--white-lines-satin-duvet-cover,Molton 枕頭保潔套,size,1,catalog-attributes-only
bed-linen--mattress-protectors--molton-top-mattress-protector,/bed-linen/mattress-protectors/molton-top-mattress-protector/,linked-catalog,bed-linen--duvet-covers--white-lines-satin-duvet-cover,上層床墊保潔墊,size,1,catalog-attributes-only
bed-linen--mattress-protectors--molton-split-top-mattress-protector,/bed-linen/mattress-protectors/molton-split-top-mattress-protector/,linked-catalog,bed-linen--duvet-covers--white-lines-satin-duvet-cover,上層床墊保潔墊,size,1,catalog-attributes-only
bed-linen--bedspreads--dejavu-grey-bedspread,/bed-linen/bedspreads/dejavu-grey-bedspread/,linked-catalog,bed-linen--duvet-covers--white-lines-satin-duvet-cover,Déjàvu 灰色床罩,size,2,catalog-attributes-only
