pageId,path,title,h1,canonical,fallbackLinks
home,/,首頁｜Auping,首頁,/auping-staging/,0
about-auping,/about-auping/,關於 Auping｜Auping,我們的故事,/auping-staging/about-auping/,0
bed-bases,/bed-bases/,床底｜Auping,床底,/auping-staging/bed-bases/,0
bed-bases--electrically-adjustable-bed-base-1m,/bed-bases/electrically-adjustable-bed-base-1m/,電動可調式 床底 1M｜Auping,電動可調式 床底 1M,/auping-staging/bed-bases/electrically-adjustable-bed-base-1m/,0
bed-bases--electrically-adjustable-bed-base-2m,/bed-bases/electrically-adjustable-bed-base-2m/,電動可調式 床底 2M｜Auping,電動可調式 床底 2M,/auping-staging/bed-bases/electrically-adjustable-bed-base-2m/,0
bed-bases--electrically-adjustable-bed-base-3m,/bed-bases/electrically-adjustable-bed-base-3M/,電動可調式 床底 3M｜Auping,電動可調式 床底 3M,/auping-staging/bed-bases/electrically-adjustable-bed-base-3M/,0
bed-bases--flat-bed-base,/bed-bases/flat-bed-base/,固定式 床底｜Auping,固定式 床底,/auping-staging/bed-bases/flat-bed-base/,0
bed-bases--manually-adjustable-mesh-base,/bed-bases/manually-adjustable-mesh-base/,手動可調式 床底｜Auping,手動可調式 床底,/auping-staging/bed-bases/manually-adjustable-mesh-base/,0
bed-linen,/bed-linen/,Bedding | 柔軟 and sustainable | Auping,Bed Linen,/auping-staging/bed-linen/,0
bed-linen--duvet-covers,/bed-linen/duvet-covers/,被套｜Auping,被套,/auping-staging/bed-linen/duvet-covers/,0
bed-linen--duvet-covers--beige-lines-satin-duvet-cover,/bed-linen/duvet-covers/beige-lines-satin-duvet-cover/,米色線條棉緞 被套｜Auping,米色線條棉緞 被套,/auping-staging/bed-linen/duvet-covers/beige-lines-satin-duvet-cover/,0
bed-linen--duvet-covers--bright-kaleidoscope-duvet-cover,/bed-linen/duvet-covers/bright-kaleidoscope-duvet-cover/,繽紛萬花筒 被套｜Auping,繽紛萬花筒 被套,/auping-staging/bed-linen/duvet-covers/bright-kaleidoscope-duvet-cover/,0
bed-linen--duvet-covers--brilliant-grey-duvet-cover,/bed-linen/duvet-covers/brilliant-grey-duvet-cover/,亮采灰 被套｜Auping,亮采灰 被套,/auping-staging/bed-linen/duvet-covers/brilliant-grey-duvet-cover/,0
bed-linen--duvet-covers--brilliant-stone-duvet-cover,/bed-linen/duvet-covers/brilliant-stone-duvet-cover/,亮采石色 被套｜Auping,亮采石色 被套,/auping-staging/bed-linen/duvet-covers/brilliant-stone-duvet-cover/,0
bed-linen--duvet-covers--chambray-blush-duvet-cover,/bed-linen/duvet-covers/chambray-blush-duvet-cover/,洗水棉 裸粉 被套｜Auping,洗水棉 裸粉 被套,/auping-staging/bed-linen/duvet-covers/chambray-blush-duvet-cover/,0
bed-linen--duvet-covers--chambray-chalk-duvet-cover,/bed-linen/duvet-covers/chambray-chalk-duvet-cover/,洗水棉粉白 被套｜Auping,洗水棉粉白 被套,/auping-staging/bed-linen/duvet-covers/chambray-chalk-duvet-cover/,0
bed-linen--duvet-covers--chambray-denim-blue-duvet-cover,/bed-linen/duvet-covers/chambray-denim-blue-duvet-cover/,洗水棉丹寧藍 被套｜Auping,洗水棉丹寧藍 被套,/auping-staging/bed-linen/duvet-covers/chambray-denim-blue-duvet-cover/,0
bed-linen--duvet-covers--chambray-plum-duvet-cover,/bed-linen/duvet-covers/chambray-plum-duvet-cover/,洗水棉梅紫 被套｜Auping,洗水棉梅紫 被套,/auping-staging/bed-linen/duvet-covers/chambray-plum-duvet-cover/,0
bed-linen--duvet-covers--classic-white-blue-duvet-cover,/bed-linen/duvet-covers/classic-white-blue-duvet-cover/,經典藍 被套｜Auping,經典藍 被套,/auping-staging/bed-linen/duvet-covers/classic-white-blue-duvet-cover/,0
bed-linen--duvet-covers--classic-white-grey-duvet-cover,/bed-linen/duvet-covers/classic-white-grey-duvet-cover/,經典灰 被套｜Auping,經典灰 被套,/auping-staging/bed-linen/duvet-covers/classic-white-grey-duvet-cover/,0
bed-linen--duvet-covers--classic-white-stone-duvet-cover,/bed-linen/duvet-covers/classic-white-stone-duvet-cover/,經典石色 被套｜Auping,經典石色 被套,/auping-staging/bed-linen/duvet-covers/classic-white-stone-duvet-cover/,0
bed-linen--duvet-covers--gentle-clover-duvet-cover,/bed-linen/duvet-covers/gentle-clover-duvet-cover/,柔和幸運草 被套｜Auping,柔和幸運草 被套,/auping-staging/bed-linen/duvet-covers/gentle-clover-duvet-cover/,0
bed-linen--duvet-covers--graphic-bordeaux-duvet-cover,/bed-linen/duvet-covers/graphic-bordeaux-duvet-cover/,酒紅幾何 被套｜Auping,酒紅幾何 被套,/auping-staging/bed-linen/duvet-covers/graphic-bordeaux-duvet-cover/,0
bed-linen--duvet-covers--mauve-twists-duvet-cover,/bed-linen/duvet-covers/mauve-twists-duvet-cover/,藕紫旋紋 被套｜Auping,藕紫旋紋 被套,/auping-staging/bed-linen/duvet-covers/mauve-twists-duvet-cover/,0
bed-linen--duvet-covers--meandering-blue-duvet-cover,/bed-linen/duvet-covers/meandering-blue-duvet-cover/,蜿蜒藍 被套｜Auping,蜿蜒藍 被套,/auping-staging/bed-linen/duvet-covers/meandering-blue-duvet-cover/,0
bed-linen--duvet-covers--natural-clay-duvet-cover,/bed-linen/duvet-covers/natural-clay-duvet-cover/,自然陶土 被套｜Auping,自然陶土 被套,/auping-staging/bed-linen/duvet-covers/natural-clay-duvet-cover/,0
bed-linen--duvet-covers--playful-bricks-duvet-cover,/bed-linen/duvet-covers/playful-bricks-duvet-cover/,繽紛積木 被套｜Auping,繽紛積木 被套,/auping-staging/bed-linen/duvet-covers/playful-bricks-duvet-cover/,0
bed-linen--duvet-covers--sand-beige-satin-duvet-cover,/bed-linen/duvet-covers/sand-beige-satin-duvet-cover/,沙米色 棉緞 被套｜Auping,沙米色 棉緞 被套,/auping-staging/bed-linen/duvet-covers/sand-beige-satin-duvet-cover/,0
bed-linen--duvet-covers--seaside-grid-duvet-cover,/bed-linen/duvet-covers/seaside-grid-duvet-cover/,海岸格紋 被套｜Auping,海岸格紋 被套,/auping-staging/bed-linen/duvet-covers/seaside-grid-duvet-cover/,0
bed-linen--duvet-covers--silent-grey-duvet-cover,/bed-linen/duvet-covers/silent-grey-duvet-cover/,靜謐灰 被套｜Auping,靜謐灰 被套,/auping-staging/bed-linen/duvet-covers/silent-grey-duvet-cover/,0
bed-linen--duvet-covers--warm-embrace-duvet-cover,/bed-linen/duvet-covers/warm-embrace-duvet-cover/,溫暖擁抱 被套｜Auping,溫暖擁抱 被套,/auping-staging/bed-linen/duvet-covers/warm-embrace-duvet-cover/,0
bed-linen--duvet-covers--white-lines-satin-duvet-cover,/bed-linen/duvet-covers/white-lines-satin-duvet-cover/,白線棉緞 被套｜Auping,白線棉緞 被套,/auping-staging/bed-linen/duvet-covers/white-lines-satin-duvet-cover/,0
bed-linen--pillows,/bed-linen/pillows/,枕頭 for bed | Find a pillow that fits you | Auping,枕頭,/auping-staging/bed-linen/pillows/,0
bed-linen--pillows--auping-cloud,/bed-linen/pillows/auping-cloud/,Auping Cloud｜Auping,Auping Cloud 枕頭,/auping-staging/bed-linen/pillows/auping-cloud/,0
bed-linen--pillows--dew-pillow,/bed-linen/pillows/dew-pillow/,Auping Dew｜Auping,Auping Dew,/auping-staging/bed-linen/pillows/dew-pillow/,0
bed-linen--pillows--nest-pillow,/bed-linen/pillows/nest-pillow/,Auping Nest｜Auping,Auping Nest,/auping-staging/bed-linen/pillows/nest-pillow/,0
beds,/beds/,床架｜Auping,床架,/auping-staging/beds/,0
beds--auronde-blush,/beds/auronde-blush/,Auronde 裸粉｜Auping,Auronde 裸粉,/auping-staging/beds/auronde-blush/,0
beds--auronde-deep-black,/beds/auronde-deep-black/,Auronde 深黑｜Auping,Auronde 深黑,/auping-staging/beds/auronde-deep-black/,0
beds--auronde-natural-oak,/beds/auronde-natural-oak/,Auronde 天然橡木｜Auping,Auronde 天然橡木,/auping-staging/beds/auronde-natural-oak/,0
beds--auronde-natural-walnut,/beds/auronde-natural-walnut/,Auronde 天然胡桃木｜Auping,Auronde 天然胡桃木,/auping-staging/beds/auronde-natural-walnut/,0
beds--auronde-white-oak,/beds/auronde-white-oak/,Auronde 柔白 橡木｜Auping,Auronde 柔白 橡木,/auping-staging/beds/auronde-white-oak/,0
beds--essential-blush,/beds/essential-blush/,Essential 裸粉｜Auping,Essential 裸粉,/auping-staging/beds/essential-blush/,0
beds--essential-deep-black-headboard,/beds/essential-deep-black-headboard/,Essential 深黑｜Auping,Essential 深黑,/auping-staging/beds/essential-deep-black-headboard/,0
beds--essential-deep-black,/beds/essential-deep-black/,Essential 深黑｜Auping,Essential 深黑,/auping-staging/beds/essential-deep-black/,0
beds--essential-pine-green,/beds/essential-pine-green/,Essential 松綠｜Auping,Essential 松綠,/auping-staging/beds/essential-pine-green/,0
beds--essential-pure-white,/beds/essential-pure-white/,Essential 純白｜Auping,Essential 純白,/auping-staging/beds/essential-pure-white/,0
beds--essential-sand-beige,/beds/essential-sand-beige/,Essential 沙米色｜Auping,Essential 沙米色,/auping-staging/beds/essential-sand-beige/,0
beds--essential-warm-grey,/beds/essential-warm-grey/,Essential 暖灰｜Auping,Essential 暖灰,/auping-staging/beds/essential-warm-grey/,0
beds--noa-balanced-oak-open-lamellas-headboard,/beds/noa-balanced-oak-open-lamellas-headboard/,Noa 平衡橡木｜Auping,Noa 平衡橡木,/auping-staging/beds/noa-balanced-oak-open-lamellas-headboard/,0
beds--noa-balanced-oak-table,/beds/noa-balanced-oak-table/,Noa 平衡橡木｜Auping,Noa 平衡橡木,/auping-staging/beds/noa-balanced-oak-table/,0
beds--noa-balanced-oak,/beds/noa-balanced-oak/,Noa 平衡橡木｜Auping,Noa 平衡橡木,/auping-staging/beds/noa-balanced-oak/,0
beds--noa-chocolate-brown-oak,/beds/noa-chocolate-brown-oak/,Noa 巧克力棕橡木｜Auping,Noa 巧克力棕橡木,/auping-staging/beds/noa-chocolate-brown-oak/,0
beds--noa-midnight-black-oak,/beds/noa-midnight-black-oak/,Noa 午夜黑橡木｜Auping,Noa 午夜黑橡木,/auping-staging/beds/noa-midnight-black-oak/,0
beds--noa-soft-white-oak-headboard,/beds/noa-soft-white-oak-headboard/,Noa 柔白 橡木｜Auping,Noa 柔白 橡木,/auping-staging/beds/noa-soft-white-oak-headboard/,0
beds--noa-soft-white-oak,/beds/noa-soft-white-oak/,Noa 柔白 橡木｜Auping,Noa 柔白 橡木,/auping-staging/beds/noa-soft-white-oak/,0
beds--noble-midnight-black-oak,/beds/noble-midnight-black-oak/,Noble 午夜黑橡木｜Auping,Noble 午夜黑橡木,/auping-staging/beds/noble-midnight-black-oak/,0
beds--noble-solid-oak,/beds/noble-solid-oak/,Noble 實木橡木｜Auping,Noble 實木橡木,/auping-staging/beds/noble-solid-oak/,0
beds--original-blush,/beds/original-blush/,Original-裸粉｜Auping,Original-裸粉,/auping-staging/beds/original-blush/,0
beds--original-deep-black-outline-headboard,/beds/original-deep-black-outline-headboard/,Original-深黑｜Auping,Original-深黑,/auping-staging/beds/original-deep-black-outline-headboard/,0
beds--original-deep-black,/beds/original-deep-black/,Original 深黑｜Auping,Original 深黑,/auping-staging/beds/original-deep-black/,0
beds--original-pine-green-dew-emerald,/beds/original-pine-green-dew-emerald/,Original 松綠｜Auping,Original 松綠,/auping-staging/beds/original-pine-green-dew-emerald/,0
beds--original-pine-green,/beds/original-pine-green/,Original 松綠｜Auping,Original 松綠,/auping-staging/beds/original-pine-green/,0
beds--original-royal-blue,/beds/original-royal-blue/,Original 皇家藍｜Auping,Original 皇家藍,/auping-staging/beds/original-royal-blue/,0
box-springs,/box-springs/,Box Springs 床組｜Auping,Box Springs 床組,/auping-staging/box-springs/,0
box-springs--criade-blush,/box-springs/criade-blush/,Criade 裸粉｜Auping,Criade 裸粉,/auping-staging/box-springs/criade-blush/,0
box-springs--criade-cool-grey,/box-springs/criade-cool-grey/,Criade 冷灰｜Auping,Criade 冷灰,/auping-staging/box-springs/criade-cool-grey/,0
box-springs--criade-deep-black,/box-springs/criade-deep-black/,Criade 深黑｜Auping,Criade 深黑,/auping-staging/box-springs/criade-deep-black/,0
box-springs--criade-dusty-red,/box-springs/criade-dusty-red/,Criade 霧紅｜Auping,Criade 霧紅,/auping-staging/box-springs/criade-dusty-red/,0
box-springs--criade-night-blue,/box-springs/criade-night-blue/,Criade 夜藍｜Auping,Criade 夜藍,/auping-staging/box-springs/criade-night-blue/,0
box-springs--criade-pine-green,/box-springs/criade-pine-green/,Criade 松綠｜Auping,Criade 松綠,/auping-staging/box-springs/criade-pine-green/,0
box-springs--criade-sand-beige,/box-springs/criade-sand-beige/,Criade 沙米色｜Auping,Criade 沙米色,/auping-staging/box-springs/criade-sand-beige/,0
box-springs--criade-warm-grey,/box-springs/criade-warm-grey/,Criade 暖灰｜Auping,Criade 暖灰,/auping-staging/box-springs/criade-warm-grey/,0
box-springs--kiruna-deep-black,/box-springs/kiruna-deep-black/,Kiruna 深黑｜Auping,Kiruna 深黑,/auping-staging/box-springs/kiruna-deep-black/,0
box-springs--kiruna-night-blue,/box-springs/kiruna-night-blue/,Kiruna 夜藍｜Auping,Kiruna 夜藍,/auping-staging/box-springs/kiruna-night-blue/,0
box-springs--kiruna-pine-green,/box-springs/kiruna-pine-green/,Kiruna 松綠｜Auping,Kiruna 松綠,/auping-staging/box-springs/kiruna-pine-green/,0
box-springs--kiruna-sand-beige,/box-springs/kiruna-sand-beige/,Kiruna 沙米色｜Auping,Kiruna 沙米色,/auping-staging/box-springs/kiruna-sand-beige/,0
box-springs--kiruna-warm-grey-sami,/box-springs/kiruna-warm-grey-sami/,Kiruna 暖灰｜Auping,Kiruna 暖灰,/auping-staging/box-springs/kiruna-warm-grey-sami/,0
box-springs--kiruna-warm-grey-unik,/box-springs/kiruna-warm-grey-unik/,Kiruna 暖灰｜Auping,Kiruna 暖灰,/auping-staging/box-springs/kiruna-warm-grey-unik/,0
box-springs--original-box-spring-blush,/box-springs/original-box-spring-blush/,Original 裸粉｜Auping,Original 裸粉,/auping-staging/box-springs/original-box-spring-blush/,0
box-springs--original-box-spring-cool-grey,/box-springs/original-box-spring-cool-grey/,Original 冷灰｜Auping,Original 冷灰,/auping-staging/box-springs/original-box-spring-cool-grey/,0
box-springs--original-box-spring-deep-black,/box-springs/original-box-spring-deep-black/,Original 深黑｜Auping,Original 深黑,/auping-staging/box-springs/original-box-spring-deep-black/,0
box-springs--original-box-spring-dusty-red,/box-springs/original-box-spring-dusty-red/,Original 霧紅｜Auping,Original 霧紅,/auping-staging/box-springs/original-box-spring-dusty-red/,0
box-springs--original-box-spring-pure-white,/box-springs/original-box-spring-pure-white/,Original 純白｜Auping,Original 純白,/auping-staging/box-springs/original-box-spring-pure-white/,0
box-springs--original-box-spring-royal-blue,/box-springs/original-box-spring-royal-blue/,Original 皇家藍｜Auping,Original 皇家藍,/auping-staging/box-springs/original-box-spring-royal-blue/,0
box-springs--original-box-spring-sand-beige,/box-springs/original-box-spring-sand-beige/,Original 沙米色｜Auping,Original 沙米色,/auping-staging/box-springs/original-box-spring-sand-beige/,0
box-springs--original-box-spring-warm-grey,/box-springs/original-box-spring-warm-grey/,Original 暖灰｜Auping,Original 暖灰,/auping-staging/box-springs/original-box-spring-warm-grey/,0
customer-service,/customer-service/,客戶服務｜Auping,客戶服務,/auping-staging/customer-service/,0
mattresses,/mattresses/,床墊｜Auping,床墊,/auping-staging/mattresses/,0
mattresses--elite-mattress,/mattresses/elite-mattress/,Auping Elite 床墊｜Auping,Auping Elite 床墊,/auping-staging/mattresses/elite-mattress/,0
mattresses--elysium-mattress,/mattresses/elysium-mattress/,Auping Elysium 床墊｜Auping,Auping Elysium 床墊,/auping-staging/mattresses/elysium-mattress/,0
mattresses--evolve-mattress,/mattresses/evolve-mattress/,Auping Evolve 床墊｜Auping,Auping Evolve 床墊,/auping-staging/mattresses/evolve-mattress/,0
mattresses--one-mattress,/mattresses/one-mattress/,Auping One 床墊｜Auping,Auping One 床墊,/auping-staging/mattresses/one-mattress/,0
mattresses--revive-mattress,/mattresses/revive-mattress/,Auping Revive 床墊｜Auping,Auping Revive 床墊,/auping-staging/mattresses/revive-mattress/,0
mattresses--two-mattress,/mattresses/two-mattress/,Auping Two 床墊｜Auping,Auping Two 床墊,/auping-staging/mattresses/two-mattress/,0
news,/news/,最新消息｜Auping,最新消息,/auping-staging/news/,2
toppers,/toppers/,床墊舒適層｜Auping,床墊舒適層,/auping-staging/toppers/,0
toppers--comfort-mattress-topper,/toppers/comfort-mattress-topper/,Comfort 床墊舒適層｜Auping,Comfort 床墊舒適層,/auping-staging/toppers/comfort-mattress-topper/,0
toppers--comfort-split-mattress-topper,/toppers/comfort-split-mattress-topper/,Comfort 分離式 床墊舒適層｜Auping,Comfort 分離式 床墊舒適層,/auping-staging/toppers/comfort-split-mattress-topper/,0
toppers--deluxe-mattress-topper,/toppers/deluxe-mattress-topper/,Deluxe 床墊舒適層｜Auping,Deluxe 床墊舒適層,/auping-staging/toppers/deluxe-mattress-topper/,0
toppers--deluxe-split-mattress-topper,/toppers/deluxe-split-mattress-topper/,Deluxe 分離式 床墊舒適層｜Auping,Deluxe 分離式 床墊舒適層,/auping-staging/toppers/deluxe-split-mattress-topper/,0
toppers--prestige-mattress-topper,/toppers/prestige-mattress-topper/,Prestige 床墊舒適層｜Auping,Prestige 床墊舒適層,/auping-staging/toppers/prestige-mattress-topper/,0
toppers--prestige-split-mattress-topper,/toppers/prestige-split-mattress-topper/,Prestige 分離式 床墊舒適層｜Auping,Prestige 分離式 床墊舒適層,/auping-staging/toppers/prestige-split-mattress-topper/,0
news-awards,/news/awards/,得獎設計｜Auping,得獎設計,/auping-staging/news/awards/,0
nav-beds-essential,/beds/essential/,Essential 床架｜Auping,Essential 床架,/auping-staging/beds/essential/,21
nav-beds-original,/beds/original/,Original 床架｜Auping,Original,/auping-staging/beds/original/,17
nav-beds-auronde,/beds/auronde/,Auronde 床架｜Auping,Auronde 床架,/auping-staging/beds/auronde/,18
nav-beds-noa,/beds/noa/,Noa 床架｜Auping,Noa,/auping-staging/beds/noa/,17
nav-beds-noble,/beds/noble/,Noble 床架｜Auping,Noble,/auping-staging/beds/noble/,17
nav-box-springs-original,/box-springs/original-boxspring/,Original 床組｜Auping,The best box spring in the Netherlands,/auping-staging/box-springs/original-boxspring/,20
nav-box-springs-criade,/box-springs/criade/,Criade 床組｜Auping,Criade,/auping-staging/box-springs/criade/,17
nav-box-springs-kiruna,/box-springs/kiruna/,Kiruna 床組｜Auping,Kiruna,/auping-staging/box-springs/kiruna/,17
bed-linen-duvets,/bed-linen/duvets/,棉被｜Auping,棉被,/auping-staging/bed-linen/duvets/,17
bed-linen-fitted-sheets,/bed-linen/fitted-sheets/,包覆式床包｜Auping,包覆式床包,/auping-staging/bed-linen/fitted-sheets/,17
bed-linen-mattress-protectors,/bed-linen/mattress-protectors/,保潔墊｜Auping,保潔墊,/auping-staging/bed-linen/mattress-protectors/,17
bed-linen-bedspreads,/bed-linen/bedspreads/,床罩｜Auping,床罩,/auping-staging/bed-linen/bedspreads/,17
bed-linen-pillowcases,/bed-linen/pillowcases/,枕套｜Auping,枕套,/auping-staging/bed-linen/pillowcases/,83
about-sustainability,/about-auping/sustainability/,永續理念｜Auping,永續理念,/auping-staging/about-auping/sustainability/,32
customer-service-ordering,/customer-service/ordering/,訂購方式｜Auping,訂購方式,/auping-staging/customer-service/ordering/,17
news-future-factory,/news/auping-opens-mattress-factory-future/,Auping 未來床墊工廠｜Auping,Auping 啟用未來床墊工廠,/auping-staging/news/auping-opens-mattress-factory-future/,17
stories-buy-new-mattress,/stories/buy-a-new-mattress/,選購新床墊指南｜Auping,正在尋找新床墊嗎？,/auping-staging/stories/buy-a-new-mattress/,26
bed-linen--fitted-sheets--jersey-235-fitted-sheet-mattress,/bed-linen/fitted-sheets/jersey-235-fitted-sheet-mattress/,Jersey 235 一般床墊包覆式床包｜Auping,Jersey 235 一般床墊包覆式床包,/auping-staging/bed-linen/fitted-sheets/jersey-235-fitted-sheet-mattress/,0
bed-linen--fitted-sheets--jersey-235-fitted-sheet-top-mattress,/bed-linen/fitted-sheets/jersey-235-fitted-sheet-top-mattress/,Jersey 235 上層床墊包覆式床包｜Auping,Jersey 235 上層床墊包覆式床包,/auping-staging/bed-linen/fitted-sheets/jersey-235-fitted-sheet-top-mattress/,0
bed-linen--fitted-sheets--jersey-235-fitted-sheet-split-top-mattress,/bed-linen/fitted-sheets/jersey-235-fitted-sheet-split-top-mattress/,Jersey 235 分離式床墊包覆式床包｜Auping,Jersey 235 分離式床墊包覆式床包,/auping-staging/bed-linen/fitted-sheets/jersey-235-fitted-sheet-split-top-mattress/,0
bed-linen--fitted-sheets--jersey-190-fitted-sheet-mattress,/bed-linen/fitted-sheets/jersey-190-fitted-sheet-mattress/,Jersey 190 一般床墊包覆式床包｜Auping,Jersey 190 一般床墊包覆式床包,/auping-staging/bed-linen/fitted-sheets/jersey-190-fitted-sheet-mattress/,0
bed-linen--fitted-sheets--jersey-190-fitted-sheet-top-mattress,/bed-linen/fitted-sheets/jersey-190-fitted-sheet-top-mattress/,Jersey 190 上層床墊包覆式床包｜Auping,Jersey 190 上層床墊包覆式床包,/auping-staging/bed-linen/fitted-sheets/jersey-190-fitted-sheet-top-mattress/,0
bed-linen--fitted-sheets--jersey-190-fitted-sheet-split-top-mattress,/bed-linen/fitted-sheets/jersey-190-fitted-sheet-split-top-mattress/,Jersey 190 分離式床墊包覆式床包｜Auping,Jersey 190 分離式床墊包覆式床包,/auping-staging/bed-linen/fitted-sheets/jersey-190-fitted-sheet-split-top-mattress/,0
bed-linen--fitted-sheets--satin-300-fitted-sheet-top-mattress,/bed-linen/fitted-sheets/satin-300-fitted-sheet-top-mattress/,Satin 300 上層床墊包覆式床包｜Auping,Satin 300 上層床墊包覆式床包,/auping-staging/bed-linen/fitted-sheets/satin-300-fitted-sheet-top-mattress/,0
bed-linen--duvets--auping-cloud-duvet-summer,/bed-linen/duvets/auping-cloud-duvet-summer/,Auping Cloud 夏被｜Auping,Auping Cloud 夏被,/auping-staging/bed-linen/duvets/auping-cloud-duvet-summer/,0
bed-linen--duvets--auping-nest-duvet-summer,/bed-linen/duvets/auping-nest-duvet-summer/,Auping Nest 夏被｜Auping,Auping Nest 夏被,/auping-staging/bed-linen/duvets/auping-nest-duvet-summer/,0
bed-linen--duvets--auping-dew-duvet-summer,/bed-linen/duvets/auping-dew-duvet-summer/,Auping Dew 夏被｜Auping,Auping Dew 夏被,/auping-staging/bed-linen/duvets/auping-dew-duvet-summer/,0
bed-linen--duvets--auping-cloud-duvet-springfall,/bed-linen/duvets/auping-cloud-duvet-springfall/,Auping Cloud 春秋被｜Auping,Auping Cloud 春秋被,/auping-staging/bed-linen/duvets/auping-cloud-duvet-springfall/,0
bed-linen--duvets--auping-nest-duvet-springfall,/bed-linen/duvets/auping-nest-duvet-springfall/,Auping Nest 春秋被｜Auping,Auping Nest 春秋被,/auping-staging/bed-linen/duvets/auping-nest-duvet-springfall/,0
bed-linen--duvets--auping-dew-duvet-springfall,/bed-linen/duvets/auping-dew-duvet-springfall/,Auping Dew 春秋被｜Auping,Auping Dew 春秋被,/auping-staging/bed-linen/duvets/auping-dew-duvet-springfall/,0
bed-linen--duvets--auping-cloud-duvet-four-seasons,/bed-linen/duvets/auping-cloud-duvet-four-seasons/,Auping Cloud 四季被｜Auping,Auping Cloud 四季被,/auping-staging/bed-linen/duvets/auping-cloud-duvet-four-seasons/,0
bed-linen--duvets--auping-nest-duvet-four-seasons,/bed-linen/duvets/auping-nest-duvet-four-seasons/,Auping Nest 四季被｜Auping,Auping Nest 四季被,/auping-staging/bed-linen/duvets/auping-nest-duvet-four-seasons/,0
bed-linen--duvets--auping-dew-duvet-four-seasons,/bed-linen/duvets/auping-dew-duvet-four-seasons/,Auping Dew 四季被｜Auping,Auping Dew 四季被,/auping-staging/bed-linen/duvets/auping-dew-duvet-four-seasons/,0
bed-linen--mattress-protectors--molton-mattress-protector,/bed-linen/mattress-protectors/molton-mattress-protector/,Molton 床墊保潔墊｜Auping,Molton 床墊保潔墊,/auping-staging/bed-linen/mattress-protectors/molton-mattress-protector/,0
bed-linen--mattress-protectors--molton-pillow-case,/bed-linen/mattress-protectors/molton-pillow-case/,Molton 枕頭保潔套｜Auping,Molton 枕頭保潔套,/auping-staging/bed-linen/mattress-protectors/molton-pillow-case/,0
bed-linen--mattress-protectors--molton-top-mattress-protector,/bed-linen/mattress-protectors/molton-top-mattress-protector/,上層床墊保潔墊｜Auping,上層床墊保潔墊,/auping-staging/bed-linen/mattress-protectors/molton-top-mattress-protector/,0
bed-linen--mattress-protectors--molton-split-top-mattress-protector,/bed-linen/mattress-protectors/molton-split-top-mattress-protector/,上層床墊保潔墊｜Auping,上層床墊保潔墊,/auping-staging/bed-linen/mattress-protectors/molton-split-top-mattress-protector/,0
bed-linen--bedspreads--dejavu-grey-bedspread,/bed-linen/bedspreads/dejavu-grey-bedspread/,Déjàvu 灰色床罩｜Auping,Déjàvu 灰色床罩,/auping-staging/bed-linen/bedspreads/dejavu-grey-bedspread/,0
